codigo,municipio,hab,sedes_abast,num_operadores,ingresos_abast_anuales,ingresos_mayorista_resi_anuales,ingresos_pymes_anuales,ingresos_total_anuales,capex_local_estimado,opex_local_anual,payback_municipal_anios,score_atractivo,viable
1,A1,50,0,1,0.0,71400.0,6720.0,78120.0,1683000.0,3750.0,22.630092779346512,10.0,False
2,A2,50,0,1,0.0,71400.0,6720.0,78120.0,1683000.0,3750.0,22.630092779346512,10.0,False
3,A3,50,0,1,0.0,71400.0,6720.0,78120.0,1683000.0,3750.0,22.630092779346512,10.0,False
4,A4,50,0,1,0.0,71400.0,6720.0,78120.0,1683000.0,3750.0,22.630092779346512,10.0,False
5,A5,50,0,1,0.0,71400.0,6720.0,78120.0,1683000.0,3750.0,22.630092779346512,10.0,False
6,A6,50,0,1,0.0,71400.0,6720.0,78120.0,1683000.0,3750.0,22.630092779346512,10.0,False
7,A7,50,0,1,0.0,71400.0,6720.0,78120.0,1683000.0,3750.0,22.630092779346512,10.0,False
8,A8,50,0,1,0.0,71400.0,6720.0,78120.0,1683000.0,3750.0,22.630092779346512,10.0,False
9,A9,50,0,1,0.0,71400.0,6720.0,78120.0,1683000.0,3750.0,22.630092779346512,10.0,False
10,A10,50,0,1,0.0,71400.0,6720.0,78120.0,1683000.0,3750.0,22.630092779346512,10.0,False
11,A11,50,0,1,0.0,71400.0,6720.0,78120.0,1683000.0,3750.0,22.630092779346512,10.0,False
12,A12,50,0,1,0.0,71400.0,6720.0,78120.0,1683000.0,3750.0,22.630092779346512,10.0,False
13,A13,50,0,1,0.0,71400.0,6720.0,78120.0,1683000.0,3750.0,22.630092779346512,10.0,False
14,A14,50,0,1,0.0,71400.0,6720.0,78120.0,1683000.0,3750.0,22.630092779346512,10.0,False
15,A15,50,0,1,0.0,71400.0,6720.0,78120.0,1683000.0,3750.0,22.630092779346512,10.0,False
16,A16,50,0,1,0.0,71400.0,6720.0,78120.0,1683000.0,3750.0,22.630092779346512,10.0,False
17,A17,50,0,1,0.0,71400.0,6720.0,78120.0,1683000.0,3750.0,22.630092779346512,10.0,False
18,A18,50,0,1,0.0,71400.0,6720.0,78120.0,1683000.0,3750.0,22.630092779346512,10.0,False
19,A19,50,0,1,0.0,71400.0,6720.0,78120.0,1683000.0,3750.0,22.630092779346512,10.0,False
20,A20,50,0,1,0.0,71400.0,6720.0,78120.0,1683000.0,3750.0,22.630092779346512,10.0,False
21,A21,50,0,1,0.0,71400.0,6720.0,78120.0,1683000.0,3750.0,22.630092779346512,10.0,False
22,A22,50,0,1,0.0,71400.0,6720.0,78120.0,1683000.0,3750.0,22.630092779346512,10.0,False
23,A23,50,0,1,0.0,71400.0,6720.0,78120.0,1683000.0,3750.0,22.630092779346512,10.0,False
24,A24,50,0,1,0.0,71400.0,6720.0,78120.0,1683000.0,3750.0,22.630092779346512,10.0,False
25,A25,50,0,1,0.0,71400.0,6720.0,78120.0,1683000.0,3750.0,22.630092779346512,10.0,False
26,A26,50,0,1,0.0,71400.0,6720.0,78120.0,1683000.0,3750.0,22.630092779346512,10.0,False
27,A27,50,0,1,0.0,71400.0,6720.0,78120.0,1683000.0,3750.0,22.630092779346512,10.0,False
28,A28,50,0,1,0.0,71400.0,6720.0,78120.0,1683000.0,3750.0,22.630092779346512,10.0,False
29,A29,50,0,1,0.0,71400.0,6720.0,78120.0,1683000.0,3750.0,22.630092779346512,10.0,False
30,A30,50,0,1,0.0,71400.0,6720.0,78120.0,1683000.0,3750.0,22.630092779346512,10.0,False
31,A31,50,0,1,0.0,71400.0,6720.0,78120.0,1683000.0,3750.0,22.630092779346512,10.0,False
32,A32,50,0,1,0.0,71400.0,6720.0,78120.0,1683000.0,3750.0,22.630092779346512,10.0,False
33,A33,50,0,1,0.0,71400.0,6720.0,78120.0,1683000.0,3750.0,22.630092779346512,10.0,False
34,A34,50,0,1,0.0,71400.0,6720.0,78120.0,1683000.0,3750.0,22.630092779346512,10.0,False
35,A35,50,0,1,0.0,71400.0,6720.0,78120.0,1683000.0,3750.0,22.630092779346512,10.0,False
36,A36,50,0,1,0.0,71400.0,6720.0,78120.0,1683000.0,3750.0,22.630092779346512,10.0,False
37,A37,50,0,1,0.0,71400.0,6720.0,78120.0,1683000.0,3750.0,22.630092779346512,10.0,False
38,A38,50,0,1,0.0,71400.0,6720.0,78120.0,1683000.0,3750.0,22.630092779346512,10.0,False
39,A39,50,0,1,0.0,71400.0,6720.0,78120.0,1683000.0,3750.0,22.630092779346512,10.0,False
40,A40,50,0,1,0.0,71400.0,6720.0,78120.0,1683000.0,3750.0,22.630092779346512,10.0,False
41,A41,50,0,1,0.0,71400.0,6720.0,78120.0,1683000.0,3750.0,22.630092779346512,10.0,False
42,A42,50,0,1,0.0,71400.0,6720.0,78120.0,1683000.0,3750.0,22.630092779346512,10.0,False
43,A43,50,0,1,0.0,71400.0,6720.0,78120.0,1683000.0,3750.0,22.630092779346512,10.0,False
44,A44,50,0,1,0.0,71400.0,6720.0,78120.0,1683000.0,3750.0,22.630092779346512,10.0,False
45,A45,50,0,1,0.0,71400.0,6720.0,78120.0,1683000.0,3750.0,22.630092779346512,10.0,False
46,A46,50,0,1,0.0,71400.0,6720.0,78120.0,1683000.0,3750.0,22.630092779346512,10.0,False
47,A47,50,0,1,0.0,71400.0,6720.0,78120.0,1683000.0,3750.0,22.630092779346512,10.0,False
48,A48,50,0,1,0.0,71400.0,6720.0,78120.0,1683000.0,3750.0,22.630092779346512,10.0,False
49,A49,50,0,1,0.0,71400.0,6720.0,78120.0,1683000.0,3750.0,22.630092779346512,10.0,False
50,A50,50,0,1,0.0,71400.0,6720.0,78120.0,1683000.0,3750.0,22.630092779346512,10.0,False
51,A51,50,0,1,0.0,71400.0,6720.0,78120.0,1683000.0,3750.0,22.630092779346512,10.0,False
52,A52,50,0,1,0.0,71400.0,6720.0,78120.0,1683000.0,3750.0,22.630092779346512,10.0,False
53,A53,50,0,1,0.0,71400.0,6720.0,78120.0,1683000.0,3750.0,22.630092779346512,10.0,False
54,A54,50,0,1,0.0,71400.0,6720.0,78120.0,1683000.0,3750.0,22.630092779346512,10.0,False
55,A55,50,0,1,0.0,71400.0,6720.0,78120.0,1683000.0,3750.0,22.630092779346512,10.0,False
56,A56,50,0,1,0.0,71400.0,6720.0,78120.0,1683000.0,3750.0,22.630092779346512,10.0,False
57,A57,50,0,1,0.0,71400.0,6720.0,78120.0,1683000.0,3750.0,22.630092779346512,10.0,False
58,A58,50,0,1,0.0,71400.0,6720.0,78120.0,1683000.0,3750.0,22.630092779346512,10.0,False
59,A59,50,0,1,0.0,71400.0,6720.0,78120.0,1683000.0,3750.0,22.630092779346512,10.0,False
60,A60,50,0,1,0.0,71400.0,6720.0,78120.0,1683000.0,3750.0,22.630092779346512,10.0,False
61,A61,50,0,1,0.0,71400.0,6720.0,78120.0,1683000.0,3750.0,22.630092779346512,10.0,False
62,A62,50,0,1,0.0,71400.0,6720.0,78120.0,1683000.0,3750.0,22.630092779346512,10.0,False
63,A63,50,0,1,0.0,71400.0,6720.0,78120.0,1683000.0,3750.0,22.630092779346512,10.0,False
64,A64,50,0,1,0.0,71400.0,6720.0,78120.0,1683000.0,3750.0,22.630092779346512,10.0,False
65,A65,50,0,1,0.0,71400.0,6720.0,78120.0,1683000.0,3750.0,22.630092779346512,10.0,False
66,A66,50,0,1,0.0,71400.0,6720.0,78120.0,1683000.0,3750.0,22.630092779346512,10.0,False
67,A67,50,0,1,0.0,71400.0,6720.0,78120.0,1683000.0,3750.0,22.630092779346512,10.0,False
68,A68,50,0,1,0.0,71400.0,6720.0,78120.0,1683000.0,3750.0,22.630092779346512,10.0,False
69,A69,50,0,1,0.0,71400.0,6720.0,78120.0,1683000.0,3750.0,22.630092779346512,10.0,False
70,A70,50,0,1,0.0,71400.0,6720.0,78120.0,1683000.0,3750.0,22.630092779346512,10.0,False
71,A71,50,0,1,0.0,71400.0,6720.0,78120.0,1683000.0,3750.0,22.630092779346512,10.0,False
72,A72,50,0,1,0.0,71400.0,6720.0,78120.0,1683000.0,3750.0,22.630092779346512,10.0,False
73,A73,50,0,1,0.0,71400.0,6720.0,78120.0,1683000.0,3750.0,22.630092779346512,10.0,False
74,A74,50,0,1,0.0,71400.0,6720.0,78120.0,1683000.0,3750.0,22.630092779346512,10.0,False
75,A75,50,0,1,0.0,71400.0,6720.0,78120.0,1683000.0,3750.0,22.630092779346512,10.0,False
76,A76,50,0,1,0.0,71400.0,6720.0,78120.0,1683000.0,3750.0,22.630092779346512,10.0,False
77,A77,50,0,1,0.0,71400.0,6720.0,78120.0,1683000.0,3750.0,22.630092779346512,10.0,False
78,A78,50,0,1,0.0,71400.0,6720.0,78120.0,1683000.0,3750.0,22.630092779346512,10.0,False
79,A79,50,0,1,0.0,71400.0,6720.0,78120.0,1683000.0,3750.0,22.630092779346512,10.0,False
80,A80,50,0,1,0.0,71400.0,6720.0,78120.0,1683000.0,3750.0,22.630092779346512,10.0,False
81,A81,50,0,1,0.0,71400.0,6720.0,78120.0,1683000.0,3750.0,22.630092779346512,10.0,False
82,A82,50,0,1,0.0,71400.0,6720.0,78120.0,1683000.0,3750.0,22.630092779346512,10.0,False
83,A83,50,0,1,0.0,71400.0,6720.0,78120.0,1683000.0,3750.0,22.630092779346512,10.0,False
84,A84,50,0,1,0.0,71400.0,6720.0,78120.0,1683000.0,3750.0,22.630092779346512,10.0,False
85,A85,50,0,1,0.0,71400.0,6720.0,78120.0,1683000.0,3750.0,22.630092779346512,10.0,False
86,A86,50,0,1,0.0,71400.0,6720.0,78120.0,1683000.0,3750.0,22.630092779346512,10.0,False
87,A87,50,0,1,0.0,71400.0,6720.0,78120.0,1683000.0,3750.0,22.630092779346512,10.0,False
88,A88,50,0,1,0.0,71400.0,6720.0,78120.0,1683000.0,3750.0,22.630092779346512,10.0,False
89,A89,50,0,1,0.0,71400.0,6720.0,78120.0,1683000.0,3750.0,22.630092779346512,10.0,False
90,A90,50,0,1,0.0,71400.0,6720.0,78120.0,1683000.0,3750.0,22.630092779346512,10.0,False
91,A91,50,0,1,0.0,71400.0,6720.0,78120.0,1683000.0,3750.0,22.630092779346512,10.0,False
92,A92,50,0,1,0.0,71400.0,6720.0,78120.0,1683000.0,3750.0,22.630092779346512,10.0,False
93,A93,50,0,1,0.0,71400.0,6720.0,78120.0,1683000.0,3750.0,22.630092779346512,10.0,False
94,A94,50,0,1,0.0,71400.0,6720.0,78120.0,1683000.0,3750.0,22.630092779346512,10.0,False
95,A95,50,0,1,0.0,71400.0,6720.0,78120.0,1683000.0,3750.0,22.630092779346512,10.0,False
96,A96,50,0,1,0.0,71400.0,6720.0,78120.0,1683000.0,3750.0,22.630092779346512,10.0,False
97,A97,50,0,1,0.0,71400.0,6720.0,78120.0,1683000.0,3750.0,22.630092779346512,10.0,False
98,A98,50,0,1,0.0,71400.0,6720.0,78120.0,1683000.0,3750.0,22.630092779346512,10.0,False
99,A99,50,0,1,0.0,71400.0,6720.0,78120.0,1683000.0,3750.0,22.630092779346512,10.0,False
100,A100,50,0,1,0.0,71400.0,6720.0,78120.0,1683000.0,3750.0,22.630092779346512,10.0,False
101,A101,100,0,1,0.0,142800.0,13440.0,156240.0,1861000.0,3750.0,12.204078955997115,25.25,False
102,A102,100,0,1,0.0,142800.0,13440.0,156240.0,1861000.0,3750.0,12.204078955997115,25.25,False
103,A103,100,0,1,0.0,142800.0,13440.0,156240.0,1861000.0,3750.0,12.204078955997115,25.25,False
104,A104,100,0,1,0.0,142800.0,13440.0,156240.0,1861000.0,3750.0,12.204078955997115,25.25,False
105,A105,100,0,1,0.0,142800.0,13440.0,156240.0,1861000.0,3750.0,12.204078955997115,25.25,False
106,A106,100,0,1,0.0,142800.0,13440.0,156240.0,1861000.0,3750.0,12.204078955997115,25.25,False
107,A107,100,0,1,0.0,142800.0,13440.0,156240.0,1861000.0,3750.0,12.204078955997115,25.25,False
108,A108,100,0,1,0.0,142800.0,13440.0,156240.0,1861000.0,3750.0,12.204078955997115,25.25,False
109,A109,100,0,1,0.0,142800.0,13440.0,156240.0,1861000.0,3750.0,12.204078955997115,25.25,False
110,A110,100,0,1,0.0,142800.0,13440.0,156240.0,1861000.0,3750.0,12.204078955997115,25.25,False
111,A111,100,0,1,0.0,142800.0,13440.0,156240.0,1861000.0,3750.0,12.204078955997115,25.25,False
112,A112,100,0,1,0.0,142800.0,13440.0,156240.0,1861000.0,3750.0,12.204078955997115,25.25,False
113,A113,100,0,1,0.0,142800.0,13440.0,156240.0,1861000.0,3750.0,12.204078955997115,25.25,False
114,A114,100,0,1,0.0,142800.0,13440.0,156240.0,1861000.0,3750.0,12.204078955997115,25.25,False
115,A115,100,0,1,0.0,142800.0,13440.0,156240.0,1861000.0,3750.0,12.204078955997115,25.25,False
116,A116,100,0,1,0.0,142800.0,13440.0,156240.0,1861000.0,3750.0,12.204078955997115,25.25,False
117,A117,100,0,1,0.0,142800.0,13440.0,156240.0,1861000.0,3750.0,12.204078955997115,25.25,False
118,A118,100,0,1,0.0,142800.0,13440.0,156240.0,1861000.0,3750.0,12.204078955997115,25.25,False
119,A119,100,0,1,0.0,142800.0,13440.0,156240.0,1861000.0,3750.0,12.204078955997115,25.25,False
120,A120,100,0,1,0.0,142800.0,13440.0,156240.0,1861000.0,3750.0,12.204078955997115,25.25,False
121,A121,100,0,1,0.0,142800.0,13440.0,156240.0,1861000.0,3750.0,12.204078955997115,25.25,False
122,A122,100,0,1,0.0,142800.0,13440.0,156240.0,1861000.0,3750.0,12.204078955997115,25.25,False
123,A123,100,0,1,0.0,142800.0,13440.0,156240.0,1861000.0,3750.0,12.204078955997115,25.25,False
124,A124,100,0,1,0.0,142800.0,13440.0,156240.0,1861000.0,3750.0,12.204078955997115,25.25,False
125,A125,100,0,1,0.0,142800.0,13440.0,156240.0,1861000.0,3750.0,12.204078955997115,25.25,False
126,A126,100,0,1,0.0,142800.0,13440.0,156240.0,1861000.0,3750.0,12.204078955997115,25.25,False
127,A127,100,0,1,0.0,142800.0,13440.0,156240.0,1861000.0,3750.0,12.204078955997115,25.25,False
128,A128,100,0,1,0.0,142800.0,13440.0,156240.0,1861000.0,3750.0,12.204078955997115,25.25,False
129,A129,100,0,1,0.0,142800.0,13440.0,156240.0,1861000.0,3750.0,12.204078955997115,25.25,False
130,A130,100,0,1,0.0,142800.0,13440.0,156240.0,1861000.0,3750.0,12.204078955997115,25.25,False
131,A131,100,0,1,0.0,142800.0,13440.0,156240.0,1861000.0,3750.0,12.204078955997115,25.25,False
132,A132,100,0,1,0.0,142800.0,13440.0,156240.0,1861000.0,3750.0,12.204078955997115,25.25,False
133,A133,100,0,1,0.0,142800.0,13440.0,156240.0,1861000.0,3750.0,12.204078955997115,25.25,False
134,A134,100,0,1,0.0,142800.0,13440.0,156240.0,1861000.0,3750.0,12.204078955997115,25.25,False
135,A135,100,0,1,0.0,142800.0,13440.0,156240.0,1861000.0,3750.0,12.204078955997115,25.25,False
136,A136,100,0,1,0.0,142800.0,13440.0,156240.0,1861000.0,3750.0,12.204078955997115,25.25,False
137,A137,100,0,1,0.0,142800.0,13440.0,156240.0,1861000.0,3750.0,12.204078955997115,25.25,False
138,A138,100,0,1,0.0,142800.0,13440.0,156240.0,1861000.0,3750.0,12.204078955997115,25.25,False
139,A139,100,0,1,0.0,142800.0,13440.0,156240.0,1861000.0,3750.0,12.204078955997115,25.25,False
140,A140,100,0,1,0.0,142800.0,13440.0,156240.0,1861000.0,3750.0,12.204078955997115,25.25,False
141,A141,100,0,1,0.0,142800.0,13440.0,156240.0,1861000.0,3750.0,12.204078955997115,25.25,False
142,A142,100,0,1,0.0,142800.0,13440.0,156240.0,1861000.0,3750.0,12.204078955997115,25.25,False
143,A143,100,0,1,0.0,142800.0,13440.0,156240.0,1861000.0,3750.0,12.204078955997115,25.25,False
144,A144,100,0,1,0.0,142800.0,13440.0,156240.0,1861000.0,3750.0,12.204078955997115,25.25,False
145,A145,100,0,1,0.0,142800.0,13440.0,156240.0,1861000.0,3750.0,12.204078955997115,25.25,False
146,A146,100,0,1,0.0,142800.0,13440.0,156240.0,1861000.0,3750.0,12.204078955997115,25.25,False
147,A147,100,0,1,0.0,142800.0,13440.0,156240.0,1861000.0,3750.0,12.204078955997115,25.25,False
148,A148,100,0,1,0.0,142800.0,13440.0,156240.0,1861000.0,3750.0,12.204078955997115,25.25,False
149,A149,100,0,1,0.0,142800.0,13440.0,156240.0,1861000.0,3750.0,12.204078955997115,25.25,False
150,A150,100,0,1,0.0,142800.0,13440.0,156240.0,1861000.0,3750.0,12.204078955997115,25.25,False
151,A151,100,0,1,0.0,142800.0,13440.0,156240.0,1861000.0,3750.0,12.204078955997115,25.25,False
152,A152,100,0,1,0.0,142800.0,13440.0,156240.0,1861000.0,3750.0,12.204078955997115,25.25,False
153,A153,100,0,1,0.0,142800.0,13440.0,156240.0,1861000.0,3750.0,12.204078955997115,25.25,False
154,A154,100,0,1,0.0,142800.0,13440.0,156240.0,1861000.0,3750.0,12.204078955997115,25.25,False
155,A155,100,0,1,0.0,142800.0,13440.0,156240.0,1861000.0,3750.0,12.204078955997115,25.25,False
156,A156,100,0,1,0.0,142800.0,13440.0,156240.0,1861000.0,3750.0,12.204078955997115,25.25,False
157,A157,100,0,1,0.0,142800.0,13440.0,156240.0,1861000.0,3750.0,12.204078955997115,25.25,False
158,A158,100,0,1,0.0,142800.0,13440.0,156240.0,1861000.0,3750.0,12.204078955997115,25.25,False
159,A159,100,0,1,0.0,142800.0,13440.0,156240.0,1861000.0,3750.0,12.204078955997115,25.25,False
160,A160,100,0,1,0.0,142800.0,13440.0,156240.0,1861000.0,3750.0,12.204078955997115,25.25,False
161,A161,100,0,1,0.0,142800.0,13440.0,156240.0,1861000.0,3750.0,12.204078955997115,25.25,False
162,A162,100,0,1,0.0,142800.0,13440.0,156240.0,1861000.0,3750.0,12.204078955997115,25.25,False
163,A163,100,0,1,0.0,142800.0,13440.0,156240.0,1861000.0,3750.0,12.204078955997115,25.25,False
164,A164,100,0,1,0.0,142800.0,13440.0,156240.0,1861000.0,3750.0,12.204078955997115,25.25,False
165,A165,100,0,1,0.0,142800.0,13440.0,156240.0,1861000.0,3750.0,12.204078955997115,25.25,False
166,A166,100,0,1,0.0,142800.0,13440.0,156240.0,1861000.0,3750.0,12.204078955997115,25.25,False
167,A167,100,0,1,0.0,142800.0,13440.0,156240.0,1861000.0,3750.0,12.204078955997115,25.25,False
168,A168,100,0,1,0.0,142800.0,13440.0,156240.0,1861000.0,3750.0,12.204078955997115,25.25,False
169,A169,100,0,1,0.0,142800.0,13440.0,156240.0,1861000.0,3750.0,12.204078955997115,25.25,False
170,A170,100,0,1,0.0,142800.0,13440.0,156240.0,1861000.0,3750.0,12.204078955997115,25.25,False
171,A171,100,0,1,0.0,142800.0,13440.0,156240.0,1861000.0,3750.0,12.204078955997115,25.25,False
172,A172,100,0,1,0.0,142800.0,13440.0,156240.0,1861000.0,3750.0,12.204078955997115,25.25,False
173,A173,100,0,1,0.0,142800.0,13440.0,156240.0,1861000.0,3750.0,12.204078955997115,25.25,False
174,A174,100,0,1,0.0,142800.0,13440.0,156240.0,1861000.0,3750.0,12.204078955997115,25.25,False
175,A175,100,0,1,0.0,142800.0,13440.0,156240.0,1861000.0,3750.0,12.204078955997115,25.25,False
176,A176,100,0,1,0.0,142800.0,13440.0,156240.0,1861000.0,3750.0,12.204078955997115,25.25,False
177,A177,100,0,1,0.0,142800.0,13440.0,156240.0,1861000.0,3750.0,12.204078955997115,25.25,False
178,A178,100,0,1,0.0,142800.0,13440.0,156240.0,1861000.0,3750.0,12.204078955997115,25.25,False
179,A179,100,0,1,0.0,142800.0,13440.0,156240.0,1861000.0,3750.0,12.204078955997115,25.25,False
180,A180,100,0,1,0.0,142800.0,13440.0,156240.0,1861000.0,3750.0,12.204078955997115,25.25,False
181,A181,100,0,1,0.0,142800.0,13440.0,156240.0,1861000.0,3750.0,12.204078955997115,25.25,False
182,A182,100,0,1,0.0,142800.0,13440.0,156240.0,1111000.0,1875.0,7.197227350759563,32.57,True
183,A183,100,0,1,0.0,142800.0,13440.0,156240.0,1111000.0,1875.0,7.197227350759563,32.57,True
184,A184,100,0,1,0.0,142800.0,13440.0,156240.0,1111000.0,1875.0,7.197227350759563,32.57,True
185,A185,100,0,1,0.0,142800.0,13440.0,156240.0,1111000.0,1875.0,7.197227350759563,32.57,True
186,A186,100,0,1,0.0,142800.0,13440.0,156240.0,1111000.0,1875.0,7.197227350759563,32.57,True
187,A187,100,0,1,0.0,142800.0,13440.0,156240.0,1111000.0,1875.0,7.197227350759563,32.57,True
188,A188,100,0,1,0.0,142800.0,13440.0,156240.0,1111000.0,1875.0,7.197227350759563,32.57,True
189,A189,100,0,1,0.0,142800.0,13440.0,156240.0,1111000.0,1875.0,7.197227350759563,32.57,True
190,A190,100,0,1,0.0,142800.0,13440.0,156240.0,1111000.0,1875.0,7.197227350759563,32.57,True
191,A191,100,0,1,0.0,142800.0,13440.0,156240.0,1111000.0,1875.0,7.197227350759563,32.57,True
192,A192,100,0,1,0.0,142800.0,13440.0,156240.0,1111000.0,1875.0,7.197227350759563,32.57,True
193,A193,100,0,1,0.0,142800.0,13440.0,156240.0,1111000.0,1875.0,7.197227350759563,32.57,True
194,A194,100,0,1,0.0,142800.0,13440.0,156240.0,1111000.0,1875.0,7.197227350759563,32.57,True
195,A195,100,0,1,0.0,142800.0,13440.0,156240.0,1111000.0,1875.0,7.197227350759563,32.57,True
196,A196,100,0,1,0.0,142800.0,13440.0,156240.0,1111000.0,1875.0,7.197227350759563,32.57,True
197,A197,100,0,1,0.0,142800.0,13440.0,156240.0,1111000.0,1875.0,7.197227350759563,32.57,True
198,A198,100,0,1,0.0,142800.0,13440.0,156240.0,1111000.0,1875.0,7.197227350759563,32.57,True
199,A199,100,0,1,0.0,142800.0,13440.0,156240.0,1111000.0,1875.0,7.197227350759563,32.57,True
200,A200,500,1,1,12000.0,714000.0,67200.0,793200.0,2555000.0,1875.0,3.228761886709001,38.4,True
201,A201,500,1,1,12000.0,714000.0,67200.0,793200.0,2555000.0,1875.0,3.228761886709001,38.4,True
202,A202,500,1,1,12000.0,714000.0,67200.0,793200.0,2555000.0,1875.0,3.228761886709001,38.4,True
203,A203,500,1,1,12000.0,714000.0,67200.0,793200.0,2555000.0,1875.0,3.228761886709001,38.4,True
204,A204,500,1,1,12000.0,714000.0,67200.0,793200.0,2555000.0,1875.0,3.228761886709001,38.4,True
205,A205,500,1,1,12000.0,714000.0,67200.0,793200.0,2555000.0,1875.0,3.228761886709001,38.4,True
206,A206,500,1,1,12000.0,714000.0,67200.0,793200.0,2555000.0,1875.0,3.228761886709001,38.4,True
207,A207,500,1,1,12000.0,714000.0,67200.0,793200.0,2555000.0,1875.0,3.228761886709001,38.4,True
208,A208,500,1,1,12000.0,714000.0,67200.0,793200.0,2555000.0,1875.0,3.228761886709001,38.4,True
209,A209,500,1,1,12000.0,714000.0,67200.0,793200.0,2555000.0,1875.0,3.228761886709001,38.4,True
210,A210,500,1,1,12000.0,714000.0,67200.0,793200.0,2555000.0,1875.0,3.228761886709001,38.4,True
211,A211,500,1,1,12000.0,714000.0,67200.0,793200.0,2555000.0,1875.0,3.228761886709001,38.4,True
212,A212,500,1,1,12000.0,714000.0,67200.0,793200.0,2555000.0,1875.0,3.228761886709001,38.4,True
213,A213,500,1,1,12000.0,714000.0,67200.0,793200.0,2555000.0,1875.0,3.228761886709001,38.4,True
214,A214,500,1,1,12000.0,714000.0,67200.0,793200.0,2555000.0,1875.0,3.228761886709001,38.4,True
215,A215,500,1,1,12000.0,714000.0,67200.0,793200.0,2555000.0,1875.0,3.228761886709001,38.4,True
216,A216,500,1,1,12000.0,714000.0,67200.0,793200.0,2555000.0,1875.0,3.228761886709001,38.4,True
217,A217,500,1,1,12000.0,714000.0,67200.0,793200.0,2555000.0,1875.0,3.228761886709001,38.4,True
218,A218,500,1,1,12000.0,714000.0,67200.0,793200.0,2555000.0,1875.0,3.228761886709001,38.4,True
219,A219,500,1,1,12000.0,714000.0,67200.0,793200.0,2555000.0,1875.0,3.228761886709001,38.4,True
220,A220,500,1,1,12000.0,714000.0,67200.0,793200.0,2555000.0,1875.0,3.228761886709001,38.4,True
221,A221,500,1,1,12000.0,714000.0,67200.0,793200.0,2555000.0,1875.0,3.228761886709001,38.4,True
222,A222,500,1,1,12000.0,714000.0,67200.0,793200.0,2555000.0,1875.0,3.228761886709001,38.4,True
223,A223,500,1,1,12000.0,714000.0,67200.0,793200.0,2555000.0,1875.0,3.228761886709001,38.4,True
224,A224,500,1,1,12000.0,714000.0,67200.0,793200.0,2555000.0,1875.0,3.228761886709001,38.4,True
225,A225,500,1,1,12000.0,714000.0,67200.0,793200.0,2555000.0,1875.0,3.228761886709001,38.4,True
226,A226,500,1,1,12000.0,714000.0,67200.0,793200.0,2555000.0,1875.0,3.228761886709001,38.4,True
227,A227,500,1,1,12000.0,714000.0,67200.0,793200.0,2555000.0,1875.0,3.228761886709001,38.4,True
228,A228,500,1,1,12000.0,714000.0,67200.0,793200.0,2555000.0,1875.0,3.228761886709001,38.4,True
229,A229,500,1,1,12000.0,714000.0,67200.0,793200.0,2555000.0,1875.0,3.228761886709001,38.4,True
230,A230,500,1,1,12000.0,714000.0,67200.0,793200.0,2555000.0,1875.0,3.228761886709001,38.4,True
231,A231,500,1,1,12000.0,714000.0,67200.0,793200.0,2555000.0,1875.0,3.228761886709001,38.4,True
232,A232,500,1,1,12000.0,714000.0,67200.0,793200.0,2555000.0,1875.0,3.228761886709001,38.4,True
233,A233,500,1,1,12000.0,714000.0,67200.0,793200.0,2555000.0,1875.0,3.228761886709001,38.4,True
234,A234,500,1,1,12000.0,714000.0,67200.0,793200.0,2555000.0,1875.0,3.228761886709001,38.4,True
235,A235,500,1,1,12000.0,714000.0,67200.0,793200.0,2555000.0,1875.0,3.228761886709001,38.4,True
236,A236,500,1,1,12000.0,714000.0,67200.0,793200.0,2555000.0,1875.0,3.228761886709001,38.4,True
237,A237,500,1,1,12000.0,714000.0,67200.0,793200.0,2555000.0,1875.0,3.228761886709001,38.4,True
238,A238,500,1,1,12000.0,714000.0,67200.0,793200.0,3305000.0,3750.0,4.186458927101146,37.0,True
239,A239,500,1,1,12000.0,714000.0,67200.0,793200.0,3305000.0,3750.0,4.186458927101146,37.0,True
240,A240,500,1,1,12000.0,714000.0,67200.0,793200.0,3305000.0,3750.0,4.186458927101146,37.0,True
241,A241,500,1,1,12000.0,714000.0,67200.0,793200.0,3305000.0,3750.0,4.186458927101146,37.0,True
242,A242,500,1,1,12000.0,714000.0,67200.0,793200.0,3305000.0,3750.0,4.186458927101146,37.0,True
243,A243,500,1,1,12000.0,714000.0,67200.0,793200.0,3305000.0,3750.0,4.186458927101146,37.0,True
244,A244,500,1,1,12000.0,714000.0,67200.0,793200.0,3305000.0,3750.0,4.186458927101146,37.0,True
245,A245,500,1,1,12000.0,714000.0,67200.0,793200.0,3305000.0,3750.0,4.186458927101146,37.0,True
246,A246,500,1,1,12000.0,714000.0,67200.0,793200.0,3305000.0,3750.0,4.186458927101146,37.0,True
247,A247,500,1,1,12000.0,714000.0,67200.0,793200.0,3305000.0,3750.0,4.186458927101146,37.0,True
248,A248,500,1,1,12000.0,714000.0,67200.0,793200.0,3305000.0,3750.0,4.186458927101146,37.0,True
249,A249,500,1,1,12000.0,714000.0,67200.0,793200.0,3305000.0,3750.0,4.186458927101146,37.0,True
250,A250,500,1,1,12000.0,714000.0,67200.0,793200.0,3305000.0,3750.0,4.186458927101146,37.0,True
251,A251,500,1,1,12000.0,714000.0,67200.0,793200.0,3305000.0,3750.0,4.186458927101146,37.0,True
252,A252,500,1,1,12000.0,714000.0,67200.0,793200.0,3305000.0,3750.0,4.186458927101146,37.0,True
253,A253,500,1,1,12000.0,714000.0,67200.0,793200.0,3305000.0,3750.0,4.186458927101146,37.0,True
254,A254,500,1,1,12000.0,714000.0,67200.0,793200.0,3305000.0,3750.0,4.186458927101146,37.0,True
255,A255,500,1,1,12000.0,714000.0,67200.0,793200.0,3305000.0,3750.0,4.186458927101146,37.0,True
256,A256,500,1,1,12000.0,714000.0,67200.0,793200.0,3305000.0,3750.0,4.186458927101146,37.0,True
257,A257,500,1,1,12000.0,714000.0,67200.0,793200.0,3305000.0,3750.0,4.186458927101146,37.0,True
258,A258,500,1,1,12000.0,714000.0,67200.0,793200.0,3305000.0,3750.0,4.186458927101146,37.0,True
259,A259,500,1,1,12000.0,714000.0,67200.0,793200.0,3305000.0,3750.0,4.186458927101146,37.0,True
260,A260,500,1,1,12000.0,714000.0,67200.0,793200.0,3305000.0,3750.0,4.186458927101146,37.0,True
261,A261,500,1,1,12000.0,714000.0,67200.0,793200.0,3305000.0,3750.0,4.186458927101146,37.0,True
262,A262,500,1,1,12000.0,714000.0,67200.0,793200.0,3305000.0,3750.0,4.186458927101146,37.0,True
263,A263,500,1,1,12000.0,714000.0,67200.0,793200.0,3305000.0,3750.0,4.186458927101146,37.0,True
264,A264,500,1,1,12000.0,714000.0,67200.0,793200.0,3305000.0,3750.0,4.186458927101146,37.0,True
265,A265,500,1,1,12000.0,714000.0,67200.0,793200.0,3305000.0,3750.0,4.186458927101146,37.0,True
266,A266,500,1,1,12000.0,714000.0,67200.0,793200.0,3305000.0,3750.0,4.186458927101146,37.0,True
267,A267,500,1,1,12000.0,714000.0,67200.0,793200.0,3305000.0,3750.0,4.186458927101146,37.0,True
268,A268,500,1,1,12000.0,714000.0,67200.0,793200.0,3305000.0,3750.0,4.186458927101146,37.0,True
269,A269,500,1,1,12000.0,714000.0,67200.0,793200.0,3305000.0,3750.0,4.186458927101146,37.0,True
270,A270,500,1,1,12000.0,714000.0,67200.0,793200.0,3305000.0,3750.0,4.186458927101146,37.0,True
271,A271,500,1,1,12000.0,714000.0,67200.0,793200.0,3305000.0,3750.0,4.186458927101146,37.0,True
272,A272,500,1,1,12000.0,714000.0,67200.0,793200.0,3305000.0,3750.0,4.186458927101146,37.0,True
273,A273,500,1,1,12000.0,714000.0,67200.0,793200.0,3305000.0,3750.0,4.186458927101146,37.0,True
274,A274,500,1,1,12000.0,714000.0,67200.0,793200.0,3305000.0,3750.0,4.186458927101146,37.0,True
275,A275,500,1,1,12000.0,714000.0,67200.0,793200.0,3305000.0,3750.0,4.186458927101146,37.0,True
276,A276,500,1,1,12000.0,714000.0,67200.0,793200.0,3305000.0,3750.0,4.186458927101146,37.0,True
277,A277,500,1,1,12000.0,714000.0,67200.0,793200.0,3305000.0,3750.0,4.186458927101146,37.0,True
278,A278,500,1,1,12000.0,714000.0,67200.0,793200.0,3305000.0,3750.0,4.186458927101146,37.0,True
279,A279,500,1,1,12000.0,714000.0,67200.0,793200.0,3305000.0,3750.0,4.186458927101146,37.0,True
280,A280,500,1,1,12000.0,714000.0,67200.0,793200.0,3305000.0,3750.0,4.186458927101146,37.0,True
281,A281,500,1,1,12000.0,714000.0,67200.0,793200.0,3305000.0,3750.0,4.186458927101146,37.0,True
282,A282,500,1,1,12000.0,714000.0,67200.0,793200.0,3305000.0,3750.0,4.186458927101146,37.0,True
283,A283,500,1,1,12000.0,714000.0,67200.0,793200.0,3305000.0,3750.0,4.186458927101146,37.0,True
284,A284,500,1,1,12000.0,714000.0,67200.0,793200.0,3305000.0,3750.0,4.186458927101146,37.0,True
285,A285,500,1,1,12000.0,714000.0,67200.0,793200.0,3305000.0,3750.0,4.186458927101146,37.0,True
286,A286,500,1,1,12000.0,714000.0,67200.0,793200.0,3305000.0,3750.0,4.186458927101146,37.0,True
287,A287,500,1,1,12000.0,714000.0,67200.0,793200.0,3305000.0,3750.0,4.186458927101146,37.0,True
288,A288,500,1,1,12000.0,714000.0,67200.0,793200.0,3305000.0,3750.0,4.186458927101146,37.0,True
289,A289,500,1,1,12000.0,714000.0,67200.0,793200.0,3305000.0,3750.0,4.186458927101146,37.0,True
290,A290,500,1,1,12000.0,714000.0,67200.0,793200.0,3305000.0,3750.0,4.186458927101146,37.0,True
291,A291,500,1,1,12000.0,714000.0,67200.0,793200.0,3305000.0,3750.0,4.186458927101146,37.0,True
292,A292,500,1,1,12000.0,714000.0,67200.0,793200.0,3305000.0,3750.0,4.186458927101146,37.0,True
293,A293,500,1,1,12000.0,714000.0,67200.0,793200.0,3305000.0,3750.0,4.186458927101146,37.0,True
294,A294,500,1,1,12000.0,714000.0,67200.0,793200.0,3305000.0,3750.0,4.186458927101146,37.0,True
295,A295,500,1,1,12000.0,714000.0,67200.0,793200.0,3305000.0,3750.0,4.186458927101146,37.0,True
296,A296,500,1,1,12000.0,714000.0,67200.0,793200.0,3305000.0,3750.0,4.186458927101146,37.0,True
297,A297,500,1,1,12000.0,714000.0,67200.0,793200.0,3305000.0,3750.0,4.186458927101146,37.0,True
298,A298,500,1,1,12000.0,714000.0,67200.0,793200.0,3305000.0,3750.0,4.186458927101146,37.0,True
299,A299,500,1,1,12000.0,714000.0,67200.0,793200.0,3305000.0,3750.0,4.186458927101146,37.0,True
300,A300,1000,2,1,24000.0,1428000.0,134400.0,1586400.0,4355000.0,1875.0,2.7484577397011725,39.14,True
301,A301,1000,2,1,24000.0,1428000.0,134400.0,1586400.0,4355000.0,1875.0,2.7484577397011725,39.14,True
302,A302,1000,2,1,24000.0,1428000.0,134400.0,1586400.0,4355000.0,1875.0,2.7484577397011725,39.14,True
303,A303,1000,2,1,24000.0,1428000.0,134400.0,1586400.0,4355000.0,1875.0,2.7484577397011725,39.14,True
304,A304,1000,2,1,24000.0,1428000.0,134400.0,1586400.0,4355000.0,1875.0,2.7484577397011725,39.14,True
305,A305,1000,2,1,24000.0,1428000.0,134400.0,1586400.0,4355000.0,1875.0,2.7484577397011725,39.14,True
306,A306,1000,2,1,24000.0,1428000.0,134400.0,1586400.0,4355000.0,1875.0,2.7484577397011725,39.14,True
307,A307,1000,2,1,24000.0,1428000.0,134400.0,1586400.0,4355000.0,1875.0,2.7484577397011725,39.14,True
308,A308,1000,2,1,24000.0,1428000.0,134400.0,1586400.0,4355000.0,1875.0,2.7484577397011725,39.14,True
309,A309,1000,2,1,24000.0,1428000.0,134400.0,1586400.0,4355000.0,1875.0,2.7484577397011725,39.14,True
310,A310,1000,2,1,24000.0,1428000.0,134400.0,1586400.0,4355000.0,1875.0,2.7484577397011725,39.14,True
311,A311,1000,2,1,24000.0,1428000.0,134400.0,1586400.0,3755000.0,375.0,2.3675541053892593,39.7,True
312,A312,1000,2,1,24000.0,1428000.0,134400.0,1586400.0,5255000.0,4125.0,3.3211673065680745,38.3,True
313,A313,1000,2,1,24000.0,1428000.0,134400.0,1586400.0,4355000.0,1875.0,2.7484577397011725,39.14,True
314,A314,1000,2,1,24000.0,1428000.0,134400.0,1586400.0,4355000.0,1875.0,2.7484577397011725,39.14,True
315,A315,1000,2,1,24000.0,1428000.0,134400.0,1586400.0,4355000.0,1875.0,2.7484577397011725,39.14,True
316,A316,1000,2,1,24000.0,1428000.0,134400.0,1586400.0,4355000.0,1875.0,2.7484577397011725,39.14,True
317,A317,1000,2,1,24000.0,1428000.0,134400.0,1586400.0,4355000.0,1875.0,2.7484577397011725,39.14,True
318,A318,1000,2,1,24000.0,1428000.0,134400.0,1586400.0,4355000.0,1875.0,2.7484577397011725,39.14,True
319,A319,1000,2,1,24000.0,1428000.0,134400.0,1586400.0,4355000.0,1875.0,2.7484577397011725,39.14,True
320,A320,1000,2,1,24000.0,1428000.0,134400.0,1586400.0,4655000.0,2625.0,2.939180123439251,38.86,True
321,A321,1000,2,1,24000.0,1428000.0,134400.0,1586400.0,4655000.0,2625.0,2.939180123439251,38.86,True
322,A322,1000,2,1,24000.0,1428000.0,134400.0,1586400.0,4655000.0,2625.0,2.939180123439251,38.86,True
323,A323,1000,2,1,24000.0,1428000.0,134400.0,1586400.0,4655000.0,2625.0,2.939180123439251,38.86,True
324,A324,1000,2,1,24000.0,1428000.0,134400.0,1586400.0,4655000.0,2625.0,2.939180123439251,38.86,True
325,A325,1000,2,1,24000.0,1428000.0,134400.0,1586400.0,4655000.0,2625.0,2.939180123439251,38.86,True
326,A326,1000,2,1,24000.0,1428000.0,134400.0,1586400.0,3905000.0,750.0,2.462712452306625,39.56,True
327,A327,1000,2,1,24000.0,1428000.0,134400.0,1586400.0,3905000.0,750.0,2.462712452306625,39.56,True
328,A328,1000,2,1,24000.0,1428000.0,134400.0,1586400.0,3905000.0,750.0,2.462712452306625,39.56,True
329,A329,1000,2,1,24000.0,1428000.0,134400.0,1586400.0,3905000.0,750.0,2.462712452306625,39.56,True
330,A330,1000,2,1,24000.0,1428000.0,134400.0,1586400.0,3905000.0,750.0,2.462712452306625,39.56,True
331,A331,1000,2,1,24000.0,1428000.0,134400.0,1586400.0,4655000.0,2625.0,2.939180123439251,38.86,True
332,A332,1000,2,1,24000.0,1428000.0,134400.0,1586400.0,4655000.0,2625.0,2.939180123439251,38.86,True
333,A333,1000,2,1,24000.0,1428000.0,134400.0,1586400.0,4655000.0,2625.0,2.939180123439251,38.86,True
334,A334,1000,2,1,24000.0,1428000.0,134400.0,1586400.0,4655000.0,2625.0,2.939180123439251,38.86,True
335,A335,1000,2,1,24000.0,1428000.0,134400.0,1586400.0,4655000.0,2625.0,2.939180123439251,38.86,True
336,A336,1000,2,1,24000.0,1428000.0,134400.0,1586400.0,3905000.0,750.0,2.462712452306625,39.56,True
337,A337,1000,2,1,24000.0,1428000.0,134400.0,1586400.0,3905000.0,750.0,2.462712452306625,39.56,True
338,A338,1000,2,1,24000.0,1428000.0,134400.0,1586400.0,3905000.0,750.0,2.462712452306625,39.56,True
339,A339,1000,2,1,24000.0,1428000.0,134400.0,1586400.0,3905000.0,750.0,2.462712452306625,39.56,True
340,A340,1000,2,1,24000.0,1428000.0,134400.0,1586400.0,3905000.0,750.0,2.462712452306625,39.56,True
341,A341,1000,2,1,24000.0,1428000.0,134400.0,1586400.0,3905000.0,750.0,2.462712452306625,39.56,True
342,A342,1000,2,1,24000.0,1428000.0,134400.0,1586400.0,3905000.0,750.0,2.462712452306625,39.56,True
343,A343,1000,2,1,24000.0,1428000.0,134400.0,1586400.0,15155000.0,28875.0,9.730180895972778,28.93,True
344,A344,1000,2,1,24000.0,1428000.0,134400.0,1586400.0,3905000.0,750.0,2.462712452306625,39.56,True
345,A345,1000,2,1,24000.0,1428000.0,134400.0,1586400.0,4655000.0,2625.0,2.939180123439251,38.86,True
346,A346,1000,2,1,24000.0,1428000.0,134400.0,1586400.0,4655000.0,2625.0,2.939180123439251,38.86,True
347,A347,1000,2,1,24000.0,1428000.0,134400.0,1586400.0,4655000.0,2625.0,2.939180123439251,38.86,True
348,A348,1000,2,1,24000.0,1428000.0,134400.0,1586400.0,4655000.0,2625.0,2.939180123439251,38.86,True
349,A349,1000,2,1,24000.0,1428000.0,134400.0,1586400.0,4655000.0,2625.0,2.939180123439251,38.86,True
350,A350,1000,2,1,24000.0,1428000.0,134400.0,1586400.0,4655000.0,2625.0,2.939180123439251,38.86,True
351,A351,1000,2,1,24000.0,1428000.0,134400.0,1586400.0,3905000.0,750.0,2.462712452306625,39.56,True
352,A352,1000,2,1,24000.0,1428000.0,134400.0,1586400.0,3905000.0,750.0,2.462712452306625,39.56,True
353,A353,1000,2,1,24000.0,1428000.0,134400.0,1586400.0,3905000.0,750.0,2.462712452306625,39.56,True
354,A354,1000,2,1,24000.0,1428000.0,134400.0,1586400.0,3905000.0,750.0,2.462712452306625,39.56,True
355,A355,1000,2,1,24000.0,1428000.0,134400.0,1586400.0,4205000.0,1500.0,2.6531642374913242,39.28,True
356,A356,1000,2,1,24000.0,1428000.0,134400.0,1586400.0,4055000.0,1125.0,2.5579158190219364,39.42,True
357,A357,1000,2,1,24000.0,1428000.0,134400.0,1586400.0,4055000.0,1125.0,2.5579158190219364,39.42,True
358,A358,1000,2,1,24000.0,1428000.0,134400.0,1586400.0,4055000.0,1125.0,2.5579158190219364,39.42,True
359,A359,1000,2,1,24000.0,1428000.0,134400.0,1586400.0,9305000.0,14250.0,5.918646439589097,34.5,True
360,A360,1000,2,1,24000.0,1428000.0,134400.0,1586400.0,4805000.0,3000.0,3.034609069091828,38.72,True
361,A361,1000,2,1,24000.0,1428000.0,134400.0,1586400.0,4805000.0,3000.0,3.034609069091828,38.72,True
362,A362,1000,2,1,24000.0,1428000.0,134400.0,1586400.0,4805000.0,3000.0,3.034609069091828,38.72,True
363,A363,1000,2,1,24000.0,1428000.0,134400.0,1586400.0,4805000.0,3000.0,3.034609069091828,38.72,True
364,A364,1000,2,1,24000.0,1428000.0,134400.0,1586400.0,4805000.0,3000.0,3.034609069091828,38.72,True
365,A365,1000,2,1,24000.0,1428000.0,134400.0,1586400.0,3905000.0,750.0,2.462712452306625,39.56,True
366,A366,1000,2,1,24000.0,1428000.0,134400.0,1586400.0,3905000.0,750.0,2.462712452306625,39.56,True
367,A367,1000,2,1,24000.0,1428000.0,134400.0,1586400.0,3905000.0,750.0,2.462712452306625,39.56,True
368,A368,1000,2,1,24000.0,1428000.0,134400.0,1586400.0,3905000.0,750.0,2.462712452306625,39.56,True
369,A369,1000,2,1,24000.0,1428000.0,134400.0,1586400.0,3905000.0,750.0,2.462712452306625,39.56,True
370,A370,1000,2,1,24000.0,1428000.0,134400.0,1586400.0,3905000.0,750.0,2.462712452306625,39.56,True
371,A371,1000,2,1,24000.0,1428000.0,134400.0,1586400.0,3905000.0,750.0,2.462712452306625,39.56,True
372,A372,1000,2,1,24000.0,1428000.0,134400.0,1586400.0,7055000.0,8625.0,4.471486745575256,36.62,True
373,A373,1000,2,1,24000.0,1428000.0,134400.0,1586400.0,3905000.0,750.0,2.462712452306625,39.56,True
374,A374,1000,2,1,24000.0,1428000.0,134400.0,1586400.0,3905000.0,750.0,2.462712452306625,39.56,True
375,A375,1000,2,1,24000.0,1428000.0,134400.0,1586400.0,3905000.0,750.0,2.462712452306625,39.56,True
376,A376,1000,2,1,24000.0,1428000.0,134400.0,1586400.0,3905000.0,750.0,2.462712452306625,39.56,True
377,A377,1000,2,1,24000.0,1428000.0,134400.0,1586400.0,8405000.0,12000.0,5.338541666666667,35.35,True
378,A378,1000,2,1,24000.0,1428000.0,134400.0,1586400.0,3905000.0,750.0,2.462712452306625,39.56,True
379,A379,1000,2,1,24000.0,1428000.0,134400.0,1586400.0,3905000.0,750.0,2.462712452306625,39.56,True
380,A380,1000,2,1,24000.0,1428000.0,134400.0,1586400.0,3905000.0,750.0,2.462712452306625,39.56,True
381,A381,1000,2,1,24000.0,1428000.0,134400.0,1586400.0,3905000.0,750.0,2.462712452306625,39.56,True
382,A382,1000,2,1,24000.0,1428000.0,134400.0,1586400.0,3755000.0,375.0,2.3675541053892593,39.7,True
383,A383,1000,2,1,24000.0,1428000.0,134400.0,1586400.0,3905000.0,750.0,2.462712452306625,39.56,True
384,A384,1000,2,1,24000.0,1428000.0,134400.0,1586400.0,3905000.0,750.0,2.462712452306625,39.56,True
385,A385,1000,2,1,24000.0,1428000.0,134400.0,1586400.0,3905000.0,750.0,2.462712452306625,39.56,True
386,A386,1000,2,1,24000.0,1428000.0,134400.0,1586400.0,3905000.0,750.0,2.462712452306625,39.56,True
387,A387,1000,2,1,24000.0,1428000.0,134400.0,1586400.0,3905000.0,750.0,2.462712452306625,39.56,True
388,A388,1000,2,1,24000.0,1428000.0,134400.0,1586400.0,3905000.0,750.0,2.462712452306625,39.56,True
389,A389,1000,2,1,24000.0,1428000.0,134400.0,1586400.0,4355000.0,1875.0,2.7484577397011725,39.14,True
390,A390,1000,2,1,24000.0,1428000.0,134400.0,1586400.0,4355000.0,1875.0,2.7484577397011725,39.14,True
391,A391,1000,2,1,24000.0,1428000.0,134400.0,1586400.0,4355000.0,1875.0,2.7484577397011725,39.14,True
392,A392,1000,2,1,24000.0,1428000.0,134400.0,1586400.0,4355000.0,1875.0,2.7484577397011725,39.14,True
393,A393,1000,2,1,24000.0,1428000.0,134400.0,1586400.0,4355000.0,1875.0,2.7484577397011725,39.14,True
394,A394,1000,2,1,24000.0,1428000.0,134400.0,1586400.0,4355000.0,1875.0,2.7484577397011725,39.14,True
395,A395,1000,2,1,24000.0,1428000.0,134400.0,1586400.0,3905000.0,750.0,2.462712452306625,39.56,True
396,A396,1000,2,1,24000.0,1428000.0,134400.0,1586400.0,3905000.0,750.0,2.462712452306625,39.56,True
397,A397,1000,2,1,24000.0,1428000.0,134400.0,1586400.0,3905000.0,750.0,2.462712452306625,39.56,True
398,A398,1000,2,1,24000.0,1428000.0,134400.0,1586400.0,3905000.0,750.0,2.462712452306625,39.56,True
399,A399,1000,2,1,24000.0,1428000.0,134400.0,1586400.0,3905000.0,750.0,2.462712452306625,39.56,True
400,A400,1000,2,1,24000.0,1428000.0,134400.0,1586400.0,4355000.0,1875.0,2.7484577397011725,39.14,True
401,A401,1000,2,1,24000.0,1428000.0,134400.0,1586400.0,4355000.0,1875.0,2.7484577397011725,39.14,True
402,A402,1000,2,1,24000.0,1428000.0,134400.0,1586400.0,4355000.0,1875.0,2.7484577397011725,39.14,True
403,A403,1000,2,1,24000.0,1428000.0,134400.0,1586400.0,4355000.0,1875.0,2.7484577397011725,39.14,True
404,A404,1000,2,1,24000.0,1428000.0,134400.0,1586400.0,4355000.0,1875.0,2.7484577397011725,39.14,True
405,A405,1000,2,1,24000.0,1428000.0,134400.0,1586400.0,3905000.0,750.0,2.462712452306625,39.56,True
406,A406,1000,2,1,24000.0,1428000.0,134400.0,1586400.0,3905000.0,750.0,2.462712452306625,39.56,True
407,A407,1000,2,1,24000.0,1428000.0,134400.0,1586400.0,4955000.0,3375.0,3.130083226733627,38.58,True
408,A408,1000,2,1,24000.0,1428000.0,134400.0,1586400.0,4955000.0,3375.0,3.130083226733627,38.58,True
409,A409,1000,2,1,24000.0,1428000.0,134400.0,1586400.0,4955000.0,3375.0,3.130083226733627,38.58,True
410,A410,1000,2,1,24000.0,1428000.0,134400.0,1586400.0,4955000.0,3375.0,3.130083226733627,38.58,True
411,A411,1000,2,1,24000.0,1428000.0,134400.0,1586400.0,4805000.0,3000.0,3.034609069091828,38.72,True
412,A412,1000,2,1,24000.0,1428000.0,134400.0,1586400.0,3905000.0,750.0,2.462712452306625,39.56,True
413,A413,1000,2,1,24000.0,1428000.0,134400.0,1586400.0,3905000.0,750.0,2.462712452306625,39.56,True
414,A414,1000,2,1,24000.0,1428000.0,134400.0,1586400.0,3905000.0,750.0,2.462712452306625,39.56,True
415,A415,1000,2,1,24000.0,1428000.0,134400.0,1586400.0,3905000.0,750.0,2.462712452306625,39.56,True
416,A416,1000,2,1,24000.0,1428000.0,134400.0,1586400.0,3905000.0,750.0,2.462712452306625,39.56,True
417,A417,1000,2,1,24000.0,1428000.0,134400.0,1586400.0,3905000.0,750.0,2.462712452306625,39.56,True
418,A418,1000,2,1,24000.0,1428000.0,134400.0,1586400.0,3905000.0,750.0,2.462712452306625,39.56,True
419,A419,1000,2,1,24000.0,1428000.0,134400.0,1586400.0,3905000.0,750.0,2.462712452306625,39.56,True
420,A420,1000,2,1,24000.0,1428000.0,134400.0,1586400.0,3905000.0,750.0,2.462712452306625,39.56,True
421,A421,1000,2,1,24000.0,1428000.0,134400.0,1586400.0,3905000.0,750.0,2.462712452306625,39.56,True
422,A422,1000,2,1,24000.0,1428000.0,134400.0,1586400.0,3905000.0,750.0,2.462712452306625,39.56,True
423,A423,1000,2,1,24000.0,1428000.0,134400.0,1586400.0,3905000.0,750.0,2.462712452306625,39.56,True
424,A424,1000,2,1,24000.0,1428000.0,134400.0,1586400.0,3905000.0,750.0,2.462712452306625,39.56,True
425,A425,1000,2,1,24000.0,1428000.0,134400.0,1586400.0,3905000.0,750.0,2.462712452306625,39.56,True
426,A426,1000,2,1,24000.0,1428000.0,134400.0,1586400.0,3905000.0,750.0,2.462712452306625,39.56,True
427,A427,1000,2,1,24000.0,1428000.0,134400.0,1586400.0,3905000.0,750.0,2.462712452306625,39.56,True
428,A428,1000,2,1,24000.0,1428000.0,134400.0,1586400.0,3905000.0,750.0,2.462712452306625,39.56,True
429,A429,1000,2,1,24000.0,1428000.0,134400.0,1586400.0,3905000.0,750.0,2.462712452306625,39.56,True
430,A430,1000,2,1,24000.0,1428000.0,134400.0,1586400.0,3905000.0,750.0,2.462712452306625,39.56,True
431,A431,1000,2,1,24000.0,1428000.0,134400.0,1586400.0,3905000.0,750.0,2.462712452306625,39.56,True
432,A432,1000,2,1,24000.0,1428000.0,134400.0,1586400.0,3905000.0,750.0,2.462712452306625,39.56,True
433,A433,1000,2,1,24000.0,1428000.0,134400.0,1586400.0,3905000.0,750.0,2.462712452306625,39.56,True
434,A434,1000,2,1,24000.0,1428000.0,134400.0,1586400.0,3905000.0,750.0,2.462712452306625,39.56,True
435,A435,1000,2,1,24000.0,1428000.0,134400.0,1586400.0,3905000.0,750.0,2.462712452306625,39.56,True
436,A436,1000,2,1,24000.0,1428000.0,134400.0,1586400.0,3905000.0,750.0,2.462712452306625,39.56,True
437,A437,1000,2,1,24000.0,1428000.0,134400.0,1586400.0,3905000.0,750.0,2.462712452306625,39.56,True
438,A438,1000,2,1,24000.0,1428000.0,134400.0,1586400.0,3905000.0,750.0,2.462712452306625,39.56,True
439,A439,1000,2,1,24000.0,1428000.0,134400.0,1586400.0,3905000.0,750.0,2.462712452306625,39.56,True
440,A440,1000,2,1,24000.0,1428000.0,134400.0,1586400.0,3905000.0,750.0,2.462712452306625,39.56,True
441,A441,1000,2,1,24000.0,1428000.0,134400.0,1586400.0,3905000.0,750.0,2.462712452306625,39.56,True
442,A442,1000,2,1,24000.0,1428000.0,134400.0,1586400.0,3905000.0,750.0,2.462712452306625,39.56,True
443,A443,1000,2,1,24000.0,1428000.0,134400.0,1586400.0,3905000.0,750.0,2.462712452306625,39.56,True
444,A444,1000,2,1,24000.0,1428000.0,134400.0,1586400.0,3905000.0,750.0,2.462712452306625,39.56,True
445,A445,1000,2,1,24000.0,1428000.0,134400.0,1586400.0,3905000.0,750.0,2.462712452306625,39.56,True
446,A446,1000,2,1,24000.0,1428000.0,134400.0,1586400.0,3905000.0,750.0,2.462712452306625,39.56,True
447,A447,1000,2,1,24000.0,1428000.0,134400.0,1586400.0,3905000.0,750.0,2.462712452306625,39.56,True
448,A448,1000,2,1,24000.0,1428000.0,134400.0,1586400.0,4355000.0,1875.0,2.7484577397011725,39.14,True
449,A449,1000,2,1,24000.0,1428000.0,134400.0,1586400.0,4355000.0,1875.0,2.7484577397011725,39.14,True
450,A450,1000,2,1,24000.0,1428000.0,134400.0,1586400.0,4355000.0,1875.0,2.7484577397011725,39.14,True
451,A451,1000,2,1,24000.0,1428000.0,134400.0,1586400.0,4355000.0,1875.0,2.7484577397011725,39.14,True
452,A452,1000,2,1,24000.0,1428000.0,134400.0,1586400.0,4355000.0,1875.0,2.7484577397011725,39.14,True
453,A453,1000,2,1,24000.0,1428000.0,134400.0,1586400.0,4355000.0,1875.0,2.7484577397011725,39.14,True
454,A454,1000,2,1,24000.0,1428000.0,134400.0,1586400.0,4355000.0,1875.0,2.7484577397011725,39.14,True
455,A455,1000,2,1,24000.0,1428000.0,134400.0,1586400.0,4355000.0,1875.0,2.7484577397011725,39.14,True
456,A456,1000,2,1,24000.0,1428000.0,134400.0,1586400.0,4355000.0,1875.0,2.7484577397011725,39.14,True
457,A457,1000,2,1,24000.0,1428000.0,134400.0,1586400.0,4355000.0,1875.0,2.7484577397011725,39.14,True
458,A458,1000,2,1,24000.0,1428000.0,134400.0,1586400.0,4355000.0,1875.0,2.7484577397011725,39.14,True
459,A459,1000,2,1,24000.0,1428000.0,134400.0,1586400.0,4355000.0,1875.0,2.7484577397011725,39.14,True
460,A460,1000,2,1,24000.0,1428000.0,134400.0,1586400.0,4355000.0,1875.0,2.7484577397011725,39.14,True
461,A461,1000,2,1,24000.0,1428000.0,134400.0,1586400.0,4355000.0,1875.0,2.7484577397011725,39.14,True
462,A462,1000,2,1,24000.0,1428000.0,134400.0,1586400.0,4355000.0,1875.0,2.7484577397011725,39.14,True
463,A463,1000,2,1,24000.0,1428000.0,134400.0,1586400.0,4355000.0,1875.0,2.7484577397011725,39.14,True
464,A464,1000,2,1,24000.0,1428000.0,134400.0,1586400.0,4355000.0,1875.0,2.7484577397011725,39.14,True
465,A465,1000,2,1,24000.0,1428000.0,134400.0,1586400.0,4355000.0,1875.0,2.7484577397011725,39.14,True
466,A466,1000,2,1,24000.0,1428000.0,134400.0,1586400.0,4355000.0,1875.0,2.7484577397011725,39.14,True
467,A467,1000,2,1,24000.0,1428000.0,134400.0,1586400.0,4355000.0,1875.0,2.7484577397011725,39.14,True
468,A468,1000,2,1,24000.0,1428000.0,134400.0,1586400.0,3905000.0,750.0,2.462712452306625,39.56,True
469,A469,1000,2,1,24000.0,1428000.0,134400.0,1586400.0,3905000.0,750.0,2.462712452306625,39.56,True
470,A470,1000,2,1,24000.0,1428000.0,134400.0,1586400.0,3905000.0,750.0,2.462712452306625,39.56,True
471,A471,1000,2,1,24000.0,1428000.0,134400.0,1586400.0,3905000.0,750.0,2.462712452306625,39.56,True
472,A472,1000,2,1,24000.0,1428000.0,134400.0,1586400.0,3905000.0,750.0,2.462712452306625,39.56,True
473,A473,1000,2,1,24000.0,1428000.0,134400.0,1586400.0,3905000.0,750.0,2.462712452306625,39.56,True
474,A474,1000,2,1,24000.0,1428000.0,134400.0,1586400.0,3905000.0,750.0,2.462712452306625,39.56,True
475,A475,1000,2,1,24000.0,1428000.0,134400.0,1586400.0,3905000.0,750.0,2.462712452306625,39.56,True
476,A476,1000,2,1,24000.0,1428000.0,134400.0,1586400.0,3905000.0,750.0,2.462712452306625,39.56,True
477,A477,1000,2,1,24000.0,1428000.0,134400.0,1586400.0,3905000.0,750.0,2.462712452306625,39.56,True
478,A478,1000,2,1,24000.0,1428000.0,134400.0,1586400.0,3905000.0,750.0,2.462712452306625,39.56,True
479,A479,1000,2,1,24000.0,1428000.0,134400.0,1586400.0,3905000.0,750.0,2.462712452306625,39.56,True
480,A480,1000,2,1,24000.0,1428000.0,134400.0,1586400.0,3905000.0,750.0,2.462712452306625,39.56,True
481,A481,1000,2,1,24000.0,1428000.0,134400.0,1586400.0,3905000.0,750.0,2.462712452306625,39.56,True
482,A482,1000,2,1,24000.0,1428000.0,134400.0,1586400.0,3905000.0,750.0,2.462712452306625,39.56,True
483,A483,1000,2,1,24000.0,1428000.0,134400.0,1586400.0,3905000.0,750.0,2.462712452306625,39.56,True
484,A484,1000,2,1,24000.0,1428000.0,134400.0,1586400.0,3905000.0,750.0,2.462712452306625,39.56,True
485,A485,1000,2,1,24000.0,1428000.0,134400.0,1586400.0,3905000.0,750.0,2.462712452306625,39.56,True
486,A486,1000,2,1,24000.0,1428000.0,134400.0,1586400.0,3905000.0,750.0,2.462712452306625,39.56,True
487,A487,1000,2,1,24000.0,1428000.0,134400.0,1586400.0,3905000.0,750.0,2.462712452306625,39.56,True
488,A488,1000,2,1,24000.0,1428000.0,134400.0,1586400.0,3905000.0,750.0,2.462712452306625,39.56,True
489,A489,1000,2,1,24000.0,1428000.0,134400.0,1586400.0,3905000.0,750.0,2.462712452306625,39.56,True
490,A490,1000,2,1,24000.0,1428000.0,134400.0,1586400.0,3905000.0,750.0,2.462712452306625,39.56,True
491,A491,1000,2,1,24000.0,1428000.0,134400.0,1586400.0,3905000.0,750.0,2.462712452306625,39.56,True
492,A492,1000,2,1,24000.0,1428000.0,134400.0,1586400.0,3905000.0,750.0,2.462712452306625,39.56,True
493,A493,1000,2,1,24000.0,1428000.0,134400.0,1586400.0,3905000.0,750.0,2.462712452306625,39.56,True
494,A494,1000,2,1,24000.0,1428000.0,134400.0,1586400.0,3905000.0,750.0,2.462712452306625,39.56,True
495,A495,1000,2,1,24000.0,1428000.0,134400.0,1586400.0,3905000.0,750.0,2.462712452306625,39.56,True
496,A496,1000,2,1,24000.0,1428000.0,134400.0,1586400.0,3905000.0,750.0,2.462712452306625,39.56,True
497,A497,1000,2,1,24000.0,1428000.0,134400.0,1586400.0,3905000.0,750.0,2.462712452306625,39.56,True
498,A498,1000,2,1,24000.0,1428000.0,134400.0,1586400.0,3905000.0,750.0,2.462712452306625,39.56,True
499,A499,1000,2,1,24000.0,1428000.0,134400.0,1586400.0,3905000.0,750.0,2.462712452306625,39.56,True
500,A500,1000,2,1,24000.0,1428000.0,134400.0,1586400.0,3905000.0,750.0,2.462712452306625,39.56,True
501,A501,3000,4,1,48000.0,4284000.0,403200.0,4735200.0,11065000.0,750.0,2.3371246924141134,39.88,True
502,A502,3000,4,1,48000.0,4284000.0,403200.0,4735200.0,11065000.0,750.0,2.3371246924141134,39.88,True
503,A503,3000,4,1,48000.0,4284000.0,403200.0,4735200.0,11065000.0,750.0,2.3371246924141134,39.88,True
504,A504,3000,4,1,48000.0,4284000.0,403200.0,4735200.0,11065000.0,750.0,2.3371246924141134,39.88,True
505,A505,3000,4,1,48000.0,4284000.0,403200.0,4735200.0,11065000.0,750.0,2.3371246924141134,39.88,True
506,A506,3000,4,1,48000.0,4284000.0,403200.0,4735200.0,11065000.0,750.0,2.3371246924141134,39.88,True
507,A507,3000,4,1,48000.0,4284000.0,403200.0,4735200.0,11065000.0,750.0,2.3371246924141134,39.88,True
508,A508,3000,4,1,48000.0,4284000.0,403200.0,4735200.0,11065000.0,750.0,2.3371246924141134,39.88,True
509,A509,3000,4,1,48000.0,4284000.0,403200.0,4735200.0,11065000.0,750.0,2.3371246924141134,39.88,True
510,A510,3000,4,1,48000.0,4284000.0,403200.0,4735200.0,11065000.0,750.0,2.3371246924141134,39.88,True
511,A511,3000,4,1,48000.0,4284000.0,403200.0,4735200.0,11065000.0,750.0,2.3371246924141134,39.88,True
512,A512,3000,4,1,48000.0,4284000.0,403200.0,4735200.0,11065000.0,750.0,2.3371246924141134,39.88,True
513,A513,3000,4,1,48000.0,4284000.0,403200.0,4735200.0,11065000.0,750.0,2.3371246924141134,39.88,True
514,A514,3000,4,1,48000.0,4284000.0,403200.0,4735200.0,11065000.0,750.0,2.3371246924141134,39.88,True
515,A515,3000,4,1,48000.0,4284000.0,403200.0,4735200.0,11065000.0,750.0,2.3371246924141134,39.88,True
516,A516,3000,4,1,48000.0,4284000.0,403200.0,4735200.0,11065000.0,750.0,2.3371246924141134,39.88,True
517,A517,3000,4,1,48000.0,4284000.0,403200.0,4735200.0,11065000.0,750.0,2.3371246924141134,39.88,True
518,A518,3000,4,1,48000.0,4284000.0,403200.0,4735200.0,11065000.0,750.0,2.3371246924141134,39.88,True
519,A519,3000,4,1,48000.0,4284000.0,403200.0,4735200.0,11065000.0,750.0,2.3371246924141134,39.88,True
520,A520,3000,4,1,48000.0,4284000.0,403200.0,4735200.0,11065000.0,750.0,2.3371246924141134,39.88,True
521,A521,3000,4,1,48000.0,4284000.0,403200.0,4735200.0,11065000.0,750.0,2.3371246924141134,39.88,True
522,A522,3000,4,1,48000.0,4284000.0,403200.0,4735200.0,11065000.0,750.0,2.3371246924141134,39.88,True
523,A523,3000,4,1,48000.0,4284000.0,403200.0,4735200.0,11065000.0,750.0,2.3371246924141134,39.88,True
524,A524,3000,4,1,48000.0,4284000.0,403200.0,4735200.0,11065000.0,750.0,2.3371246924141134,39.88,True
525,A525,3000,4,1,48000.0,4284000.0,403200.0,4735200.0,11065000.0,750.0,2.3371246924141134,39.88,True
526,A526,3000,4,1,48000.0,4284000.0,403200.0,4735200.0,11065000.0,750.0,2.3371246924141134,39.88,True
527,A527,3000,4,1,48000.0,4284000.0,403200.0,4735200.0,11065000.0,750.0,2.3371246924141134,39.88,True
528,A528,3000,4,1,48000.0,4284000.0,403200.0,4735200.0,11065000.0,750.0,2.3371246924141134,39.88,True
529,A529,3000,4,1,48000.0,4284000.0,403200.0,4735200.0,11065000.0,750.0,2.3371246924141134,39.88,True
530,A530,3000,4,1,48000.0,4284000.0,403200.0,4735200.0,11065000.0,750.0,2.3371246924141134,39.88,True
531,A531,3000,4,1,48000.0,4284000.0,403200.0,4735200.0,11065000.0,750.0,2.3371246924141134,39.88,True
532,A532,3000,4,1,48000.0,4284000.0,403200.0,4735200.0,11065000.0,750.0,2.3371246924141134,39.88,True
533,A533,3000,4,1,48000.0,4284000.0,403200.0,4735200.0,11065000.0,750.0,2.3371246924141134,39.88,True
534,A534,3000,4,1,48000.0,4284000.0,403200.0,4735200.0,11065000.0,750.0,2.3371246924141134,39.88,True
535,A535,3000,4,1,48000.0,4284000.0,403200.0,4735200.0,11065000.0,750.0,2.3371246924141134,39.88,True
536,A536,3000,4,1,48000.0,4284000.0,403200.0,4735200.0,11065000.0,750.0,2.3371246924141134,39.88,True
537,A537,3000,4,1,48000.0,4284000.0,403200.0,4735200.0,11065000.0,750.0,2.3371246924141134,39.88,True
538,A538,3000,4,1,48000.0,4284000.0,403200.0,4735200.0,11065000.0,750.0,2.3371246924141134,39.88,True
539,A539,3000,4,1,48000.0,4284000.0,403200.0,4735200.0,11065000.0,750.0,2.3371246924141134,39.88,True
540,A540,3000,4,1,48000.0,4284000.0,403200.0,4735200.0,11065000.0,750.0,2.3371246924141134,39.88,True
541,A541,3000,4,1,48000.0,4284000.0,403200.0,4735200.0,11065000.0,750.0,2.3371246924141134,39.88,True
542,A542,3000,4,1,48000.0,4284000.0,403200.0,4735200.0,11065000.0,750.0,2.3371246924141134,39.88,True
543,A543,3000,4,1,48000.0,4284000.0,403200.0,4735200.0,11065000.0,750.0,2.3371246924141134,39.88,True
544,A544,3000,4,1,48000.0,4284000.0,403200.0,4735200.0,11065000.0,750.0,2.3371246924141134,39.88,True
545,A545,3000,4,1,48000.0,4284000.0,403200.0,4735200.0,11065000.0,750.0,2.3371246924141134,39.88,True
546,A546,3000,4,1,48000.0,4284000.0,403200.0,4735200.0,11065000.0,750.0,2.3371246924141134,39.88,True
547,A547,3000,4,1,48000.0,4284000.0,403200.0,4735200.0,11065000.0,750.0,2.3371246924141134,39.88,True
548,A548,3000,4,1,48000.0,4284000.0,403200.0,4735200.0,11065000.0,750.0,2.3371246924141134,39.88,True
549,A549,3000,4,1,48000.0,4284000.0,403200.0,4735200.0,11065000.0,750.0,2.3371246924141134,39.88,True
550,A550,3000,4,1,48000.0,4284000.0,403200.0,4735200.0,11065000.0,750.0,2.3371246924141134,39.88,True
551,A551,3000,4,1,48000.0,4284000.0,403200.0,4735200.0,11065000.0,750.0,2.3371246924141134,39.88,True
552,A552,3000,4,1,48000.0,4284000.0,403200.0,4735200.0,11065000.0,750.0,2.3371246924141134,39.88,True
553,A553,3000,4,1,48000.0,4284000.0,403200.0,4735200.0,11065000.0,750.0,2.3371246924141134,39.88,True
554,A554,3000,4,1,48000.0,4284000.0,403200.0,4735200.0,11065000.0,750.0,2.3371246924141134,39.88,True
555,A555,3000,4,1,48000.0,4284000.0,403200.0,4735200.0,11065000.0,750.0,2.3371246924141134,39.88,True
556,A556,3000,4,1,48000.0,4284000.0,403200.0,4735200.0,11065000.0,750.0,2.3371246924141134,39.88,True
557,A557,3000,4,1,48000.0,4284000.0,403200.0,4735200.0,11065000.0,750.0,2.3371246924141134,39.88,True
558,A558,3000,4,1,48000.0,4284000.0,403200.0,4735200.0,11065000.0,750.0,2.3371246924141134,39.88,True
559,A559,3000,4,1,48000.0,4284000.0,403200.0,4735200.0,11065000.0,750.0,2.3371246924141134,39.88,True
560,A560,3000,4,1,48000.0,4284000.0,403200.0,4735200.0,11065000.0,750.0,2.3371246924141134,39.88,True
561,A561,3000,4,1,48000.0,4284000.0,403200.0,4735200.0,11965000.0,3000.0,2.5284222982967752,39.6,True
562,A562,3000,4,1,48000.0,4284000.0,403200.0,4735200.0,11965000.0,3000.0,2.5284222982967752,39.6,True
563,A563,3000,4,1,48000.0,4284000.0,403200.0,4735200.0,11965000.0,3000.0,2.5284222982967752,39.6,True
564,A564,3000,4,1,48000.0,4284000.0,403200.0,4735200.0,11965000.0,3000.0,2.5284222982967752,39.6,True
565,A565,3000,4,1,48000.0,4284000.0,403200.0,4735200.0,11965000.0,3000.0,2.5284222982967752,39.6,True
566,A566,3000,4,1,48000.0,4284000.0,403200.0,4735200.0,11965000.0,3000.0,2.5284222982967752,39.6,True
567,A567,3000,4,1,48000.0,4284000.0,403200.0,4735200.0,11965000.0,3000.0,2.5284222982967752,39.6,True
568,A568,3000,4,1,48000.0,4284000.0,403200.0,4735200.0,11065000.0,750.0,2.3371246924141134,39.88,True
569,A569,3000,4,1,48000.0,4284000.0,403200.0,4735200.0,11065000.0,750.0,2.3371246924141134,39.88,True
570,A570,3000,4,1,48000.0,4284000.0,403200.0,4735200.0,11065000.0,750.0,2.3371246924141134,39.88,True
571,A571,3000,4,1,48000.0,4284000.0,403200.0,4735200.0,11065000.0,750.0,2.3371246924141134,39.88,True
572,A572,3000,4,1,48000.0,4284000.0,403200.0,4735200.0,11065000.0,750.0,2.3371246924141134,39.88,True
573,A573,3000,4,1,48000.0,4284000.0,403200.0,4735200.0,11065000.0,750.0,2.3371246924141134,39.88,True
574,A574,3000,4,1,48000.0,4284000.0,403200.0,4735200.0,11065000.0,750.0,2.3371246924141134,39.88,True
575,A575,3000,4,1,48000.0,4284000.0,403200.0,4735200.0,11065000.0,750.0,2.3371246924141134,39.88,True
576,A576,3000,4,1,48000.0,4284000.0,403200.0,4735200.0,11065000.0,750.0,2.3371246924141134,39.88,True
577,A577,3000,4,1,48000.0,4284000.0,403200.0,4735200.0,11065000.0,750.0,2.3371246924141134,39.88,True
578,A578,3000,4,1,48000.0,4284000.0,403200.0,4735200.0,11065000.0,750.0,2.3371246924141134,39.88,True
579,A579,3000,4,1,48000.0,4284000.0,403200.0,4735200.0,11065000.0,750.0,2.3371246924141134,39.88,True
580,A580,3000,4,1,48000.0,4284000.0,403200.0,4735200.0,11065000.0,750.0,2.3371246924141134,39.88,True
581,A581,3000,4,1,48000.0,4284000.0,403200.0,4735200.0,11065000.0,750.0,2.3371246924141134,39.88,True
582,A582,3000,4,1,48000.0,4284000.0,403200.0,4735200.0,11065000.0,750.0,2.3371246924141134,39.88,True
583,A583,3000,4,1,48000.0,4284000.0,403200.0,4735200.0,11065000.0,750.0,2.3371246924141134,39.88,True
584,A584,3000,4,1,48000.0,4284000.0,403200.0,4735200.0,11065000.0,750.0,2.3371246924141134,39.88,True
585,A585,3000,4,1,48000.0,4284000.0,403200.0,4735200.0,11065000.0,750.0,2.3371246924141134,39.88,True
586,A586,3000,4,1,48000.0,4284000.0,403200.0,4735200.0,11065000.0,750.0,2.3371246924141134,39.88,True
587,A587,3000,4,1,48000.0,4284000.0,403200.0,4735200.0,11065000.0,750.0,2.3371246924141134,39.88,True
588,A588,3000,4,1,48000.0,4284000.0,403200.0,4735200.0,11065000.0,750.0,2.3371246924141134,39.88,True
589,A589,3000,4,1,48000.0,4284000.0,403200.0,4735200.0,11065000.0,750.0,2.3371246924141134,39.88,True
590,A590,3000,4,1,48000.0,4284000.0,403200.0,4735200.0,11065000.0,750.0,2.3371246924141134,39.88,True
591,A591,3000,4,1,48000.0,4284000.0,403200.0,4735200.0,11065000.0,750.0,2.3371246924141134,39.88,True
592,A592,3000,4,1,48000.0,4284000.0,403200.0,4735200.0,11065000.0,750.0,2.3371246924141134,39.88,True
593,A593,3000,4,1,48000.0,4284000.0,403200.0,4735200.0,11065000.0,750.0,2.3371246924141134,39.88,True
594,A594,3000,4,1,48000.0,4284000.0,403200.0,4735200.0,11065000.0,750.0,2.3371246924141134,39.88,True
595,A595,3000,4,1,48000.0,4284000.0,403200.0,4735200.0,11065000.0,750.0,2.3371246924141134,39.88,True
596,A596,3000,4,1,48000.0,4284000.0,403200.0,4735200.0,11065000.0,750.0,2.3371246924141134,39.88,True
597,A597,3000,4,1,48000.0,4284000.0,403200.0,4735200.0,11065000.0,750.0,2.3371246924141134,39.88,True
598,A598,3000,4,1,48000.0,4284000.0,403200.0,4735200.0,11065000.0,750.0,2.3371246924141134,39.88,True
599,A599,3000,4,1,48000.0,4284000.0,403200.0,4735200.0,11515000.0,1875.0,2.4327507618851443,39.74,True
600,A600,3000,4,1,48000.0,4284000.0,403200.0,4735200.0,11515000.0,1875.0,2.4327507618851443,39.74,True
601,A601,5000,6,1,72000.0,7140000.0,672000.0,7884000.0,18675000.0,1875.0,2.3692849326799563,39.97,True
602,A602,5000,6,1,72000.0,7140000.0,672000.0,7884000.0,18675000.0,1875.0,2.3692849326799563,39.97,True
603,A603,5000,6,1,72000.0,7140000.0,672000.0,7884000.0,18675000.0,1875.0,2.3692849326799563,39.97,True
604,A604,5000,6,1,72000.0,7140000.0,672000.0,7884000.0,18675000.0,1875.0,2.3692849326799563,39.97,True
605,A605,5000,6,1,72000.0,7140000.0,672000.0,7884000.0,18675000.0,1875.0,2.3692849326799563,39.97,True
606,A606,5000,6,1,72000.0,7140000.0,672000.0,7884000.0,18675000.0,1875.0,2.3692849326799563,39.97,True
607,A607,5000,6,1,72000.0,7140000.0,672000.0,7884000.0,18675000.0,1875.0,2.3692849326799563,39.97,True
608,A608,5000,6,1,72000.0,7140000.0,672000.0,7884000.0,18675000.0,1875.0,2.3692849326799563,39.97,True
609,A609,5000,6,1,72000.0,7140000.0,672000.0,7884000.0,18675000.0,1875.0,2.3692849326799563,39.97,True
610,A610,5000,6,1,72000.0,7140000.0,672000.0,7884000.0,18675000.0,1875.0,2.3692849326799563,39.97,True
611,A611,5000,6,1,72000.0,7140000.0,672000.0,7884000.0,18675000.0,1875.0,2.3692849326799563,39.97,True
612,A612,5000,6,1,72000.0,7140000.0,672000.0,7884000.0,18675000.0,1875.0,2.3692849326799563,39.97,True
613,A613,5000,6,1,72000.0,7140000.0,672000.0,7884000.0,18675000.0,1875.0,2.3692849326799563,39.97,True
614,A614,5000,6,1,72000.0,7140000.0,672000.0,7884000.0,18675000.0,1875.0,2.3692849326799563,39.97,True
615,A615,5000,6,1,72000.0,7140000.0,672000.0,7884000.0,18675000.0,1875.0,2.3692849326799563,39.97,True
616,A616,5000,6,1,72000.0,7140000.0,672000.0,7884000.0,18675000.0,1875.0,2.3692849326799563,39.97,True
617,A617,5000,6,1,72000.0,7140000.0,672000.0,7884000.0,18675000.0,1875.0,2.3692849326799563,39.97,True
618,A618,5000,6,1,72000.0,7140000.0,672000.0,7884000.0,18675000.0,1875.0,2.3692849326799563,39.97,True
619,A619,5000,6,1,72000.0,7140000.0,672000.0,7884000.0,18675000.0,1875.0,2.3692849326799563,39.97,True
620,A620,5000,6,1,72000.0,7140000.0,672000.0,7884000.0,18675000.0,1875.0,2.3692849326799563,39.97,True
621,A621,5000,6,1,72000.0,7140000.0,672000.0,7884000.0,18675000.0,1875.0,2.3692849326799563,39.97,True
622,A622,5000,6,1,72000.0,7140000.0,672000.0,7884000.0,18675000.0,1875.0,2.3692849326799563,39.97,True
623,A623,5000,6,1,72000.0,7140000.0,672000.0,7884000.0,18675000.0,1875.0,2.3692849326799563,39.97,True
624,A624,5000,6,1,72000.0,7140000.0,672000.0,7884000.0,18675000.0,1875.0,2.3692849326799563,39.97,True
625,A625,5000,6,1,72000.0,7140000.0,672000.0,7884000.0,18675000.0,1875.0,2.3692849326799563,39.97,True
626,A626,5000,6,1,72000.0,7140000.0,672000.0,7884000.0,18675000.0,1875.0,2.3692849326799563,39.97,True
627,A627,5000,6,1,72000.0,7140000.0,672000.0,7884000.0,18675000.0,1875.0,2.3692849326799563,39.97,True
628,A628,5000,6,1,72000.0,7140000.0,672000.0,7884000.0,18675000.0,1875.0,2.3692849326799563,39.97,True
629,A629,5000,6,1,72000.0,7140000.0,672000.0,7884000.0,18675000.0,1875.0,2.3692849326799563,39.97,True
630,A630,5000,6,1,72000.0,7140000.0,672000.0,7884000.0,18675000.0,1875.0,2.3692849326799563,39.97,True
631,A631,5000,6,1,72000.0,7140000.0,672000.0,7884000.0,18675000.0,1875.0,2.3692849326799563,39.97,True
632,A632,5000,6,1,72000.0,7140000.0,672000.0,7884000.0,18675000.0,1875.0,2.3692849326799563,39.97,True
633,A633,5000,6,1,72000.0,7140000.0,672000.0,7884000.0,18675000.0,1875.0,2.3692849326799563,39.97,True
634,A634,5000,6,1,72000.0,7140000.0,672000.0,7884000.0,18675000.0,1875.0,2.3692849326799563,39.97,True
635,A635,5000,6,1,72000.0,7140000.0,672000.0,7884000.0,18675000.0,1875.0,2.3692849326799563,39.97,True
636,A636,5000,6,1,72000.0,7140000.0,672000.0,7884000.0,18675000.0,1875.0,2.3692849326799563,39.97,True
637,A637,5000,6,1,72000.0,7140000.0,672000.0,7884000.0,18675000.0,1875.0,2.3692849326799563,39.97,True
638,A638,5000,6,1,72000.0,7140000.0,672000.0,7884000.0,18675000.0,1875.0,2.3692849326799563,39.97,True
639,A639,5000,6,1,72000.0,7140000.0,672000.0,7884000.0,18675000.0,1875.0,2.3692849326799563,39.97,True
640,A640,5000,6,1,72000.0,7140000.0,672000.0,7884000.0,18675000.0,1875.0,2.3692849326799563,39.97,True
641,A641,5000,6,1,72000.0,7140000.0,672000.0,7884000.0,18675000.0,1875.0,2.3692849326799563,39.97,True
642,A642,5000,6,1,72000.0,7140000.0,672000.0,7884000.0,18675000.0,1875.0,2.3692849326799563,39.97,True
643,A643,5000,6,1,72000.0,7140000.0,672000.0,7884000.0,18675000.0,1875.0,2.3692849326799563,39.97,True
644,A644,5000,6,1,72000.0,7140000.0,672000.0,7884000.0,18675000.0,1875.0,2.3692849326799563,39.97,True
645,A645,5000,6,1,72000.0,7140000.0,672000.0,7884000.0,18675000.0,1875.0,2.3692849326799563,39.97,True
646,A646,5000,6,1,72000.0,7140000.0,672000.0,7884000.0,18675000.0,1875.0,2.3692849326799563,39.97,True
647,A647,5000,6,1,72000.0,7140000.0,672000.0,7884000.0,18675000.0,1875.0,2.3692849326799563,39.97,True
648,A648,5000,6,1,72000.0,7140000.0,672000.0,7884000.0,18675000.0,1875.0,2.3692849326799563,39.97,True
649,A649,5000,6,1,72000.0,7140000.0,672000.0,7884000.0,18675000.0,1875.0,2.3692849326799563,39.97,True
650,A650,5000,6,1,72000.0,7140000.0,672000.0,7884000.0,18675000.0,1875.0,2.3692849326799563,39.97,True
651,A651,5000,6,1,72000.0,7140000.0,672000.0,7884000.0,18675000.0,1875.0,2.3692849326799563,39.97,True
652,A652,5000,6,1,72000.0,7140000.0,672000.0,7884000.0,18675000.0,1875.0,2.3692849326799563,39.97,True
653,A653,5000,6,1,72000.0,7140000.0,672000.0,7884000.0,18675000.0,1875.0,2.3692849326799563,39.97,True
654,A654,5000,6,1,72000.0,7140000.0,672000.0,7884000.0,18675000.0,1875.0,2.3692849326799563,39.97,True
655,A655,5000,6,1,72000.0,7140000.0,672000.0,7884000.0,18675000.0,1875.0,2.3692849326799563,39.97,True
656,A656,5000,6,1,72000.0,7140000.0,672000.0,7884000.0,18675000.0,1875.0,2.3692849326799563,39.97,True
657,A657,5000,6,1,72000.0,7140000.0,672000.0,7884000.0,18675000.0,1875.0,2.3692849326799563,39.97,True
658,A658,5000,6,1,72000.0,7140000.0,672000.0,7884000.0,18675000.0,1875.0,2.3692849326799563,39.97,True
659,A659,5000,6,1,72000.0,7140000.0,672000.0,7884000.0,18675000.0,1875.0,2.3692849326799563,39.97,True
660,A660,5000,6,1,72000.0,7140000.0,672000.0,7884000.0,18675000.0,1875.0,2.3692849326799563,39.97,True
661,A661,5000,6,1,72000.0,7140000.0,672000.0,7884000.0,18675000.0,1875.0,2.3692849326799563,39.97,True
662,A662,5000,6,1,72000.0,7140000.0,672000.0,7884000.0,18675000.0,1875.0,2.3692849326799563,39.97,True
663,A663,5000,6,1,72000.0,7140000.0,672000.0,7884000.0,18675000.0,1875.0,2.3692849326799563,39.97,True
664,A664,5000,6,1,72000.0,7140000.0,672000.0,7884000.0,18675000.0,1875.0,2.3692849326799563,39.97,True
665,A665,5000,6,1,72000.0,7140000.0,672000.0,7884000.0,18675000.0,1875.0,2.3692849326799563,39.97,True
666,A666,5000,6,1,72000.0,7140000.0,672000.0,7884000.0,18675000.0,1875.0,2.3692849326799563,39.97,True
667,A667,5000,6,1,72000.0,7140000.0,672000.0,7884000.0,18675000.0,1875.0,2.3692849326799563,39.97,True
668,A668,5000,6,1,72000.0,7140000.0,672000.0,7884000.0,18675000.0,1875.0,2.3692849326799563,39.97,True
669,A669,5000,6,1,72000.0,7140000.0,672000.0,7884000.0,18675000.0,1875.0,2.3692849326799563,39.97,True
670,A670,5000,6,1,72000.0,7140000.0,672000.0,7884000.0,18675000.0,1875.0,2.3692849326799563,39.97,True
671,A671,5000,6,1,72000.0,7140000.0,672000.0,7884000.0,18675000.0,1875.0,2.3692849326799563,39.97,True
672,A672,5000,6,1,72000.0,7140000.0,672000.0,7884000.0,18675000.0,1875.0,2.3692849326799563,39.97,True
673,A673,5000,6,1,72000.0,7140000.0,672000.0,7884000.0,18675000.0,1875.0,2.3692849326799563,39.97,True
674,A674,5000,6,1,72000.0,7140000.0,672000.0,7884000.0,18675000.0,1875.0,2.3692849326799563,39.97,True
675,A675,5000,6,1,72000.0,7140000.0,672000.0,7884000.0,18675000.0,1875.0,2.3692849326799563,39.97,True
676,A676,5000,6,1,72000.0,7140000.0,672000.0,7884000.0,18675000.0,1875.0,2.3692849326799563,39.97,True
677,A677,5000,6,1,72000.0,7140000.0,672000.0,7884000.0,18675000.0,1875.0,2.3692849326799563,39.97,True
678,A678,5000,6,1,72000.0,7140000.0,672000.0,7884000.0,18675000.0,1875.0,2.3692849326799563,39.97,True
679,A679,5000,6,1,72000.0,7140000.0,672000.0,7884000.0,18675000.0,1875.0,2.3692849326799563,39.97,True
680,A680,5000,6,1,72000.0,7140000.0,672000.0,7884000.0,18675000.0,1875.0,2.3692849326799563,39.97,True
681,A681,5000,6,1,72000.0,7140000.0,672000.0,7884000.0,18675000.0,1875.0,2.3692849326799563,39.97,True
682,A682,5000,6,1,72000.0,7140000.0,672000.0,7884000.0,18675000.0,1875.0,2.3692849326799563,39.97,True
683,A683,5000,6,1,72000.0,7140000.0,672000.0,7884000.0,18675000.0,1875.0,2.3692849326799563,39.97,True
684,A684,5000,6,1,72000.0,7140000.0,672000.0,7884000.0,18675000.0,1875.0,2.3692849326799563,39.97,True
685,A685,5000,6,1,72000.0,7140000.0,672000.0,7884000.0,18675000.0,1875.0,2.3692849326799563,39.97,True
686,A686,5000,6,1,72000.0,7140000.0,672000.0,7884000.0,18675000.0,1875.0,2.3692849326799563,39.97,True
687,A687,5000,6,1,72000.0,7140000.0,672000.0,7884000.0,18675000.0,1875.0,2.3692849326799563,39.97,True
688,A688,5000,6,1,72000.0,7140000.0,672000.0,7884000.0,18675000.0,1875.0,2.3692849326799563,39.97,True
689,A689,5000,6,1,72000.0,7140000.0,672000.0,7884000.0,18675000.0,1875.0,2.3692849326799563,39.97,True
690,A690,5000,6,1,72000.0,7140000.0,672000.0,7884000.0,18675000.0,1875.0,2.3692849326799563,39.97,True
691,A691,5000,6,1,72000.0,7140000.0,672000.0,7884000.0,18675000.0,1875.0,2.3692849326799563,39.97,True
692,A692,5000,6,1,72000.0,7140000.0,672000.0,7884000.0,18675000.0,1875.0,2.3692849326799563,39.97,True
693,A693,5000,6,1,72000.0,7140000.0,672000.0,7884000.0,18675000.0,1875.0,2.3692849326799563,39.97,True
694,A694,5000,6,1,72000.0,7140000.0,672000.0,7884000.0,18675000.0,1875.0,2.3692849326799563,39.97,True
695,A695,5000,6,1,72000.0,7140000.0,672000.0,7884000.0,18675000.0,1875.0,2.3692849326799563,39.97,True
696,A696,5000,6,1,72000.0,7140000.0,672000.0,7884000.0,18675000.0,1875.0,2.3692849326799563,39.97,True
697,A697,5000,6,1,72000.0,7140000.0,672000.0,7884000.0,18675000.0,1875.0,2.3692849326799563,39.97,True
698,A698,5000,6,1,72000.0,7140000.0,672000.0,7884000.0,18675000.0,1875.0,2.3692849326799563,39.97,True
699,A699,5000,6,1,72000.0,7140000.0,672000.0,7884000.0,18675000.0,1875.0,2.3692849326799563,39.97,True
700,A700,5000,6,1,72000.0,7140000.0,672000.0,7884000.0,18675000.0,1875.0,2.3692849326799563,39.97,True
701,A701,5000,6,1,72000.0,7140000.0,672000.0,7884000.0,18675000.0,1875.0,2.3692849326799563,39.97,True
702,A702,5000,6,1,72000.0,7140000.0,672000.0,7884000.0,18675000.0,1875.0,2.3692849326799563,39.97,True
703,A703,5000,6,1,72000.0,7140000.0,672000.0,7884000.0,18675000.0,1875.0,2.3692849326799563,39.97,True
704,A704,5000,6,1,72000.0,7140000.0,672000.0,7884000.0,18675000.0,1875.0,2.3692849326799563,39.97,True
705,A705,5000,6,1,72000.0,7140000.0,672000.0,7884000.0,18675000.0,1875.0,2.3692849326799563,39.97,True
706,A706,5000,6,1,72000.0,7140000.0,672000.0,7884000.0,18675000.0,1875.0,2.3692849326799563,39.97,True
707,A707,5000,6,1,72000.0,7140000.0,672000.0,7884000.0,18675000.0,1875.0,2.3692849326799563,39.97,True
708,A708,5000,6,1,72000.0,7140000.0,672000.0,7884000.0,18675000.0,1875.0,2.3692849326799563,39.97,True
709,A709,5000,6,1,72000.0,7140000.0,672000.0,7884000.0,18675000.0,1875.0,2.3692849326799563,39.97,True
710,A710,5000,6,1,72000.0,7140000.0,672000.0,7884000.0,18675000.0,1875.0,2.3692849326799563,39.97,True
711,A711,5000,6,1,72000.0,7140000.0,672000.0,7884000.0,18675000.0,1875.0,2.3692849326799563,39.97,True
712,A712,5000,6,1,72000.0,7140000.0,672000.0,7884000.0,18675000.0,1875.0,2.3692849326799563,39.97,True
713,A713,5000,6,1,72000.0,7140000.0,672000.0,7884000.0,18675000.0,1875.0,2.3692849326799563,39.97,True
714,A714,5000,6,1,72000.0,7140000.0,672000.0,7884000.0,18675000.0,1875.0,2.3692849326799563,39.97,True
715,A715,5000,6,1,72000.0,7140000.0,672000.0,7884000.0,18675000.0,1875.0,2.3692849326799563,39.97,True
716,A716,5000,6,1,72000.0,7140000.0,672000.0,7884000.0,18675000.0,1875.0,2.3692849326799563,39.97,True
717,A717,5000,6,1,72000.0,7140000.0,672000.0,7884000.0,18675000.0,1875.0,2.3692849326799563,39.97,True
718,A718,5000,6,1,72000.0,7140000.0,672000.0,7884000.0,18675000.0,1875.0,2.3692849326799563,39.97,True
719,A719,5000,6,1,72000.0,7140000.0,672000.0,7884000.0,18675000.0,1875.0,2.3692849326799563,39.97,True
720,A720,5000,6,1,72000.0,7140000.0,672000.0,7884000.0,18675000.0,1875.0,2.3692849326799563,39.97,True
721,A721,5000,6,1,72000.0,7140000.0,672000.0,7884000.0,18675000.0,1875.0,2.3692849326799563,39.97,True
722,A722,5000,6,1,72000.0,7140000.0,672000.0,7884000.0,18675000.0,1875.0,2.3692849326799563,39.97,True
723,A723,5000,6,1,72000.0,7140000.0,672000.0,7884000.0,18675000.0,1875.0,2.3692849326799563,39.97,True
724,A724,5000,6,1,72000.0,7140000.0,672000.0,7884000.0,18675000.0,1875.0,2.3692849326799563,39.97,True
725,A725,5000,6,1,72000.0,7140000.0,672000.0,7884000.0,18675000.0,1875.0,2.3692849326799563,39.97,True
726,A726,5000,6,1,72000.0,7140000.0,672000.0,7884000.0,18675000.0,1875.0,2.3692849326799563,39.97,True
727,A727,5000,6,1,72000.0,7140000.0,672000.0,7884000.0,18675000.0,1875.0,2.3692849326799563,39.97,True
728,A728,5000,6,1,72000.0,7140000.0,672000.0,7884000.0,18675000.0,1875.0,2.3692849326799563,39.97,True
729,A729,5000,6,1,72000.0,7140000.0,672000.0,7884000.0,18675000.0,1875.0,2.3692849326799563,39.97,True
730,A730,5000,6,1,72000.0,7140000.0,672000.0,7884000.0,18675000.0,1875.0,2.3692849326799563,39.97,True
731,A731,5000,6,1,72000.0,7140000.0,672000.0,7884000.0,18675000.0,1875.0,2.3692849326799563,39.97,True
732,A732,5000,6,1,72000.0,7140000.0,672000.0,7884000.0,18675000.0,1875.0,2.3692849326799563,39.97,True
733,A733,5000,6,1,72000.0,7140000.0,672000.0,7884000.0,18675000.0,1875.0,2.3692849326799563,39.97,True
734,A734,5000,6,1,72000.0,7140000.0,672000.0,7884000.0,18675000.0,1875.0,2.3692849326799563,39.97,True
735,A735,5000,6,1,72000.0,7140000.0,672000.0,7884000.0,18675000.0,1875.0,2.3692849326799563,39.97,True
736,A736,5000,6,1,72000.0,7140000.0,672000.0,7884000.0,18675000.0,1875.0,2.3692849326799563,39.97,True
737,A737,5000,6,1,72000.0,7140000.0,672000.0,7884000.0,18675000.0,1875.0,2.3692849326799563,39.97,True
738,A738,5000,6,1,72000.0,7140000.0,672000.0,7884000.0,18675000.0,1875.0,2.3692849326799563,39.97,True
739,A739,5000,6,1,72000.0,7140000.0,672000.0,7884000.0,18675000.0,1875.0,2.3692849326799563,39.97,True
740,A740,5000,6,1,72000.0,7140000.0,672000.0,7884000.0,18675000.0,1875.0,2.3692849326799563,39.97,True
741,A741,5000,6,1,72000.0,7140000.0,672000.0,7884000.0,18675000.0,1875.0,2.3692849326799563,39.97,True
742,A742,5000,6,1,72000.0,7140000.0,672000.0,7884000.0,18675000.0,1875.0,2.3692849326799563,39.97,True
743,A743,5000,6,1,72000.0,7140000.0,672000.0,7884000.0,18675000.0,1875.0,2.3692849326799563,39.97,True
744,A744,5000,6,1,72000.0,7140000.0,672000.0,7884000.0,18675000.0,1875.0,2.3692849326799563,39.97,True
745,A745,5000,6,1,72000.0,7140000.0,672000.0,7884000.0,18675000.0,1875.0,2.3692849326799563,39.97,True
746,A746,5000,6,1,72000.0,7140000.0,672000.0,7884000.0,18675000.0,1875.0,2.3692849326799563,39.97,True
747,A747,5000,6,1,72000.0,7140000.0,672000.0,7884000.0,18675000.0,1875.0,2.3692849326799563,39.97,True
748,A748,5000,6,1,72000.0,7140000.0,672000.0,7884000.0,18675000.0,1875.0,2.3692849326799563,39.97,True
749,A749,5000,6,1,72000.0,7140000.0,672000.0,7884000.0,18675000.0,1875.0,2.3692849326799563,39.97,True
750,A750,10000,8,2,96000.0,9520000.0,1344000.0,10960000.0,25181666.666666664,1875.0,2.2979904560923208,33.98,True
751,A751,10000,8,2,96000.0,9520000.0,1344000.0,10960000.0,25181666.666666664,1875.0,2.2979904560923208,33.98,True
752,A752,10000,8,2,96000.0,9520000.0,1344000.0,10960000.0,25181666.666666664,1875.0,2.2979904560923208,33.98,True
753,A753,10000,8,2,96000.0,9520000.0,1344000.0,10960000.0,25181666.666666664,1875.0,2.2979904560923208,33.98,True
754,A754,10000,8,2,96000.0,9520000.0,1344000.0,10960000.0,25181666.666666664,1875.0,2.2979904560923208,33.98,True
755,A755,10000,8,2,96000.0,9520000.0,1344000.0,10960000.0,25181666.666666664,1875.0,2.2979904560923208,33.98,True
756,A756,10000,8,2,96000.0,9520000.0,1344000.0,10960000.0,25181666.666666664,1875.0,2.2979904560923208,33.98,True
757,A757,10000,8,2,96000.0,9520000.0,1344000.0,10960000.0,25181666.666666664,1875.0,2.2979904560923208,33.98,True
758,A758,10000,8,2,96000.0,9520000.0,1344000.0,10960000.0,25181666.666666664,1875.0,2.2979904560923208,33.98,True
759,A759,10000,8,2,96000.0,9520000.0,1344000.0,10960000.0,25181666.666666664,1875.0,2.2979904560923208,33.98,True
760,A760,10000,8,2,96000.0,9520000.0,1344000.0,10960000.0,25181666.666666664,1875.0,2.2979904560923208,33.98,True
761,A761,10000,8,2,96000.0,9520000.0,1344000.0,10960000.0,25181666.666666664,1875.0,2.2979904560923208,33.98,True
762,A762,10000,8,2,96000.0,9520000.0,1344000.0,10960000.0,25181666.666666664,1875.0,2.2979904560923208,33.98,True
763,A763,10000,8,2,96000.0,9520000.0,1344000.0,10960000.0,25181666.666666664,1875.0,2.2979904560923208,33.98,True
764,A764,10000,8,2,96000.0,9520000.0,1344000.0,10960000.0,25181666.666666664,1875.0,2.2979904560923208,33.98,True
765,A765,10000,8,2,96000.0,9520000.0,1344000.0,10960000.0,25181666.666666664,1875.0,2.2979904560923208,33.98,True
766,A766,10000,8,2,96000.0,9520000.0,1344000.0,10960000.0,25181666.666666664,1875.0,2.2979904560923208,33.98,True
767,A767,10000,8,2,96000.0,9520000.0,1344000.0,10960000.0,25181666.666666664,1875.0,2.2979904560923208,33.98,True
768,A768,10000,8,2,96000.0,9520000.0,1344000.0,10960000.0,25181666.666666664,1875.0,2.2979904560923208,33.98,True
769,A769,10000,8,2,96000.0,9520000.0,1344000.0,10960000.0,25181666.666666664,1875.0,2.2979904560923208,33.98,True
770,A770,10000,8,2,96000.0,9520000.0,1344000.0,10960000.0,25181666.666666664,1875.0,2.2979904560923208,33.98,True
771,A771,10000,8,2,96000.0,9520000.0,1344000.0,10960000.0,25181666.666666664,1875.0,2.2979904560923208,33.98,True
772,A772,10000,8,2,96000.0,9520000.0,1344000.0,10960000.0,25181666.666666664,1875.0,2.2979904560923208,33.98,True
773,A773,10000,8,2,96000.0,9520000.0,1344000.0,10960000.0,25181666.666666664,1875.0,2.2979904560923208,33.98,True
774,A774,10000,8,2,96000.0,9520000.0,1344000.0,10960000.0,25181666.666666664,1875.0,2.2979904560923208,33.98,True
775,A775,10000,8,2,96000.0,9520000.0,1344000.0,10960000.0,25181666.666666664,1875.0,2.2979904560923208,33.98,True
776,A776,10000,8,2,96000.0,9520000.0,1344000.0,10960000.0,25181666.666666664,1875.0,2.2979904560923208,33.98,True
777,A777,10000,8,2,96000.0,9520000.0,1344000.0,10960000.0,25181666.666666664,1875.0,2.2979904560923208,33.98,True
778,A778,10000,8,2,96000.0,9520000.0,1344000.0,10960000.0,25181666.666666664,1875.0,2.2979904560923208,33.98,True
779,A779,10000,8,2,96000.0,9520000.0,1344000.0,10960000.0,25181666.666666664,1875.0,2.2979904560923208,33.98,True
780,A780,10000,8,2,96000.0,9520000.0,1344000.0,10960000.0,25181666.666666664,1875.0,2.2979904560923208,33.98,True
781,A781,10000,8,2,96000.0,9520000.0,1344000.0,10960000.0,25181666.666666664,1875.0,2.2979904560923208,33.98,True
782,A782,10000,8,2,96000.0,9520000.0,1344000.0,10960000.0,25181666.666666664,1875.0,2.2979904560923208,33.98,True
783,A783,10000,8,2,96000.0,9520000.0,1344000.0,10960000.0,25181666.666666664,1875.0,2.2979904560923208,33.98,True
784,A784,10000,8,2,96000.0,9520000.0,1344000.0,10960000.0,25181666.666666664,1875.0,2.2979904560923208,33.98,True
785,A785,10000,8,2,96000.0,9520000.0,1344000.0,10960000.0,25181666.666666664,1875.0,2.2979904560923208,33.98,True
786,A786,10000,8,2,96000.0,9520000.0,1344000.0,10960000.0,25181666.666666664,1875.0,2.2979904560923208,33.98,True
787,A787,10000,8,2,96000.0,9520000.0,1344000.0,10960000.0,25181666.666666664,1875.0,2.2979904560923208,33.98,True
788,A788,10000,8,2,96000.0,9520000.0,1344000.0,10960000.0,25181666.666666664,1875.0,2.2979904560923208,33.98,True
789,A789,10000,8,2,96000.0,9520000.0,1344000.0,10960000.0,25181666.666666664,1875.0,2.2979904560923208,33.98,True
790,A790,10000,8,2,96000.0,9520000.0,1344000.0,10960000.0,25181666.666666664,1875.0,2.2979904560923208,33.98,True
791,A791,10000,8,2,96000.0,9520000.0,1344000.0,10960000.0,25181666.666666664,1875.0,2.2979904560923208,33.98,True
792,A792,10000,8,2,96000.0,9520000.0,1344000.0,10960000.0,25181666.666666664,1875.0,2.2979904560923208,33.98,True
793,A793,10000,8,2,96000.0,9520000.0,1344000.0,10960000.0,25181666.666666664,1875.0,2.2979904560923208,33.98,True
794,A794,10000,8,2,96000.0,9520000.0,1344000.0,10960000.0,25181666.666666664,1875.0,2.2979904560923208,33.98,True
795,A795,10000,8,2,96000.0,9520000.0,1344000.0,10960000.0,25181666.666666664,1875.0,2.2979904560923208,33.98,True
796,A796,10000,8,2,96000.0,9520000.0,1344000.0,10960000.0,25181666.666666664,1875.0,2.2979904560923208,33.98,True
797,A797,10000,8,2,96000.0,9520000.0,1344000.0,10960000.0,25181666.666666664,1875.0,2.2979904560923208,33.98,True
798,A798,10000,8,2,96000.0,9520000.0,1344000.0,10960000.0,25181666.666666664,1875.0,2.2979904560923208,33.98,True
799,A799,10000,8,2,96000.0,9520000.0,1344000.0,10960000.0,25181666.666666664,1875.0,2.2979904560923208,33.98,True
800,A800,15000,10,2,120000.0,14280000.0,2016000.0,16416000.0,36600000.0,0.0,2.22953216374269,34.32,True
801,A801,15000,10,2,120000.0,14280000.0,2016000.0,16416000.0,36600000.0,0.0,2.22953216374269,34.32,True
802,A802,15000,10,2,120000.0,14280000.0,2016000.0,16416000.0,36600000.0,0.0,2.22953216374269,34.32,True
803,A803,15000,10,2,120000.0,14280000.0,2016000.0,16416000.0,36600000.0,0.0,2.22953216374269,34.32,True
804,A804,15000,10,2,120000.0,14280000.0,2016000.0,16416000.0,36600000.0,0.0,2.22953216374269,34.32,True
805,A805,15000,10,2,120000.0,14280000.0,2016000.0,16416000.0,36600000.0,0.0,2.22953216374269,34.32,True
806,A806,15000,10,2,120000.0,14280000.0,2016000.0,16416000.0,36600000.0,0.0,2.22953216374269,34.32,True
807,A807,15000,10,2,120000.0,14280000.0,2016000.0,16416000.0,36600000.0,0.0,2.22953216374269,34.32,True
808,A808,15000,10,2,120000.0,14280000.0,2016000.0,16416000.0,36600000.0,0.0,2.22953216374269,34.32,True
809,A809,15000,10,2,120000.0,14280000.0,2016000.0,16416000.0,36600000.0,0.0,2.22953216374269,34.32,True
810,A810,15000,10,2,120000.0,14280000.0,2016000.0,16416000.0,36600000.0,0.0,2.22953216374269,34.32,True
811,A811,15000,10,2,120000.0,14280000.0,2016000.0,16416000.0,36600000.0,0.0,2.22953216374269,34.32,True
812,A812,15000,10,2,120000.0,14280000.0,2016000.0,16416000.0,36600000.0,0.0,2.22953216374269,34.32,True
813,A813,15000,10,2,120000.0,14280000.0,2016000.0,16416000.0,36600000.0,0.0,2.22953216374269,34.32,True
814,A814,15000,10,2,120000.0,14280000.0,2016000.0,16416000.0,36600000.0,0.0,2.22953216374269,34.32,True
815,A815,15000,10,2,120000.0,14280000.0,2016000.0,16416000.0,36600000.0,0.0,2.22953216374269,34.32,True
816,A816,15000,10,2,120000.0,14280000.0,2016000.0,16416000.0,36600000.0,0.0,2.22953216374269,34.32,True
817,A817,15000,10,2,120000.0,14280000.0,2016000.0,16416000.0,36600000.0,0.0,2.22953216374269,34.32,True
818,A818,15000,10,2,120000.0,14280000.0,2016000.0,16416000.0,36600000.0,0.0,2.22953216374269,34.32,True
819,A819,15000,10,2,120000.0,14280000.0,2016000.0,16416000.0,36600000.0,0.0,2.22953216374269,34.32,True
820,A820,15000,10,2,120000.0,14280000.0,2016000.0,16416000.0,36600000.0,0.0,2.22953216374269,34.32,True
821,A821,15000,10,2,120000.0,14280000.0,2016000.0,16416000.0,36600000.0,0.0,2.22953216374269,34.32,True
822,A822,15000,10,2,120000.0,14280000.0,2016000.0,16416000.0,36600000.0,0.0,2.22953216374269,34.32,True
823,A823,15000,10,2,120000.0,14280000.0,2016000.0,16416000.0,36600000.0,0.0,2.22953216374269,34.32,True
824,A824,15000,10,2,120000.0,14280000.0,2016000.0,16416000.0,36600000.0,0.0,2.22953216374269,34.32,True
825,A825,15000,10,2,120000.0,14280000.0,2016000.0,16416000.0,36600000.0,0.0,2.22953216374269,34.32,True
826,A826,15000,10,2,120000.0,14280000.0,2016000.0,16416000.0,36600000.0,0.0,2.22953216374269,34.32,True
827,A827,15000,10,2,120000.0,14280000.0,2016000.0,16416000.0,36600000.0,0.0,2.22953216374269,34.32,True
828,A828,15000,10,2,120000.0,14280000.0,2016000.0,16416000.0,36600000.0,0.0,2.22953216374269,34.32,True
829,A829,15000,10,2,120000.0,14280000.0,2016000.0,16416000.0,36600000.0,0.0,2.22953216374269,34.32,True
830,A830,15000,10,2,120000.0,14280000.0,2016000.0,16416000.0,36600000.0,0.0,2.22953216374269,34.32,True
831,A831,15000,10,2,120000.0,14280000.0,2016000.0,16416000.0,36600000.0,0.0,2.22953216374269,34.32,True
832,A832,15000,10,2,120000.0,14280000.0,2016000.0,16416000.0,36600000.0,0.0,2.22953216374269,34.32,True
833,A833,15000,10,2,120000.0,14280000.0,2016000.0,16416000.0,36600000.0,0.0,2.22953216374269,34.32,True
834,A834,15000,10,2,120000.0,14280000.0,2016000.0,16416000.0,36600000.0,0.0,2.22953216374269,34.32,True
835,A835,25000,15,3,180000.0,17850000.0,3360000.0,21390000.0,46800000.0,0.0,2.1879382889200563,32.55,True
836,A836,25000,15,3,180000.0,17850000.0,3360000.0,21390000.0,46800000.0,0.0,2.1879382889200563,32.55,True
837,A837,25000,15,3,180000.0,17850000.0,3360000.0,21390000.0,46800000.0,0.0,2.1879382889200563,32.55,True
838,A838,25000,15,3,180000.0,17850000.0,3360000.0,21390000.0,46800000.0,0.0,2.1879382889200563,32.55,True
839,A839,25000,15,3,180000.0,17850000.0,3360000.0,21390000.0,46800000.0,0.0,2.1879382889200563,32.55,True
840,A840,25000,15,3,180000.0,17850000.0,3360000.0,21390000.0,46800000.0,0.0,2.1879382889200563,32.55,True
841,A841,25000,15,3,180000.0,17850000.0,3360000.0,21390000.0,46800000.0,0.0,2.1879382889200563,32.55,True
842,A842,25000,15,3,180000.0,17850000.0,3360000.0,21390000.0,46800000.0,0.0,2.1879382889200563,32.55,True
843,A843,25000,15,3,180000.0,17850000.0,3360000.0,21390000.0,46800000.0,0.0,2.1879382889200563,32.55,True
844,A844,25000,15,3,180000.0,17850000.0,3360000.0,21390000.0,46800000.0,0.0,2.1879382889200563,32.55,True
845,A845,25000,15,3,180000.0,17850000.0,3360000.0,21390000.0,46800000.0,0.0,2.1879382889200563,32.55,True
846,A846,25000,15,3,180000.0,17850000.0,3360000.0,21390000.0,46800000.0,0.0,2.1879382889200563,32.55,True
847,A847,25000,15,3,180000.0,17850000.0,3360000.0,21390000.0,46800000.0,0.0,2.1879382889200563,32.55,True
848,A848,25000,15,3,180000.0,17850000.0,3360000.0,21390000.0,46800000.0,0.0,2.1879382889200563,32.55,True
849,A849,25000,15,3,180000.0,17850000.0,3360000.0,21390000.0,46800000.0,0.0,2.1879382889200563,32.55,True
850,A850,25000,15,3,180000.0,17850000.0,3360000.0,21390000.0,46800000.0,0.0,2.1879382889200563,32.55,True
851,A851,25000,15,3,180000.0,17850000.0,3360000.0,21390000.0,46800000.0,0.0,2.1879382889200563,32.55,True
852,A852,25000,15,3,180000.0,17850000.0,3360000.0,21390000.0,46800000.0,0.0,2.1879382889200563,32.55,True
853,A853,25000,15,3,180000.0,17850000.0,3360000.0,21390000.0,46800000.0,0.0,2.1879382889200563,32.55,True
854,A854,25000,15,3,180000.0,17850000.0,3360000.0,21390000.0,46800000.0,0.0,2.1879382889200563,32.55,True
855,A855,25000,15,3,180000.0,17850000.0,3360000.0,21390000.0,46800000.0,0.0,2.1879382889200563,32.55,True
856,A856,25000,15,3,180000.0,17850000.0,3360000.0,21390000.0,46800000.0,0.0,2.1879382889200563,32.55,True
857,A857,25000,15,3,180000.0,17850000.0,3360000.0,21390000.0,46800000.0,0.0,2.1879382889200563,32.55,True
858,A858,25000,15,3,180000.0,17850000.0,3360000.0,21390000.0,46800000.0,0.0,2.1879382889200563,32.55,True
859,A859,25000,15,3,180000.0,17850000.0,3360000.0,21390000.0,46800000.0,0.0,2.1879382889200563,32.55,True
860,A860,25000,15,3,180000.0,17850000.0,3360000.0,21390000.0,46800000.0,0.0,2.1879382889200563,32.55,True
861,A861,25000,15,3,180000.0,17850000.0,3360000.0,21390000.0,46800000.0,0.0,2.1879382889200563,32.55,True
862,A862,25000,15,3,180000.0,17850000.0,3360000.0,21390000.0,46800000.0,0.0,2.1879382889200563,32.55,True
863,A863,25000,15,3,180000.0,17850000.0,3360000.0,21390000.0,46800000.0,0.0,2.1879382889200563,32.55,True
864,A864,40000,20,3,240000.0,28560000.0,5376000.0,34176000.0,74800000.0,0.0,2.1886704119850187,33.15,True
865,A865,40000,20,3,240000.0,28560000.0,5376000.0,34176000.0,74800000.0,0.0,2.1886704119850187,33.15,True
866,A866,40000,20,3,240000.0,28560000.0,5376000.0,34176000.0,74800000.0,0.0,2.1886704119850187,33.15,True
867,A867,40000,20,3,240000.0,28560000.0,5376000.0,34176000.0,74800000.0,0.0,2.1886704119850187,33.15,True
868,A868,40000,20,3,240000.0,28560000.0,5376000.0,34176000.0,74800000.0,0.0,2.1886704119850187,33.15,True
869,A869,40000,20,3,240000.0,28560000.0,5376000.0,34176000.0,74800000.0,0.0,2.1886704119850187,33.15,True
870,A870,40000,20,3,240000.0,28560000.0,5376000.0,34176000.0,74800000.0,0.0,2.1886704119850187,33.15,True
871,A871,40000,20,3,240000.0,28560000.0,5376000.0,34176000.0,74800000.0,0.0,2.1886704119850187,33.15,True
872,A872,40000,20,3,240000.0,28560000.0,5376000.0,34176000.0,74800000.0,0.0,2.1886704119850187,33.15,True
873,A873,40000,20,3,240000.0,28560000.0,5376000.0,34176000.0,74800000.0,0.0,2.1886704119850187,33.15,True
874,A874,40000,20,3,240000.0,28560000.0,5376000.0,34176000.0,74800000.0,0.0,2.1886704119850187,33.15,True
875,A875,40000,20,3,240000.0,28560000.0,5376000.0,34176000.0,74800000.0,0.0,2.1886704119850187,33.15,True
876,A876,40000,20,3,240000.0,28560000.0,5376000.0,34176000.0,74800000.0,0.0,2.1886704119850187,33.15,True
877,A877,40000,20,3,240000.0,28560000.0,5376000.0,34176000.0,74800000.0,0.0,2.1886704119850187,33.15,True
878,A878,40000,20,3,240000.0,28560000.0,5376000.0,34176000.0,74800000.0,0.0,2.1886704119850187,33.15,True
879,A879,40000,20,3,240000.0,28560000.0,5376000.0,34176000.0,74800000.0,0.0,2.1886704119850187,33.15,True
880,A880,40000,20,3,240000.0,28560000.0,5376000.0,34176000.0,74800000.0,0.0,2.1886704119850187,33.15,True
881,A881,40000,20,3,240000.0,28560000.0,5376000.0,34176000.0,74800000.0,0.0,2.1886704119850187,33.15,True
882,A882,40000,20,3,240000.0,28560000.0,5376000.0,34176000.0,74800000.0,0.0,2.1886704119850187,33.15,True
883,A883,40000,20,3,240000.0,28560000.0,5376000.0,34176000.0,74800000.0,0.0,2.1886704119850187,33.15,True
884,A884,40000,20,3,240000.0,28560000.0,5376000.0,34176000.0,74800000.0,0.0,2.1886704119850187,33.15,True
885,A885,40000,20,3,240000.0,28560000.0,5376000.0,34176000.0,74800000.0,0.0,2.1886704119850187,33.15,True
886,A886,60000,25,4,300000.0,34272000.0,8064000.0,42636000.0,91700000.0,0.0,2.1507646120649215,32.6,True
887,A887,60000,25,4,300000.0,34272000.0,8064000.0,42636000.0,91700000.0,0.0,2.1507646120649215,32.6,True
888,A888,60000,25,4,300000.0,34272000.0,8064000.0,42636000.0,91700000.0,0.0,2.1507646120649215,32.6,True
889,A889,60000,25,4,300000.0,34272000.0,8064000.0,42636000.0,91700000.0,0.0,2.1507646120649215,32.6,True
890,A890,60000,25,4,300000.0,34272000.0,8064000.0,42636000.0,91700000.0,0.0,2.1507646120649215,32.6,True
891,A891,75000,30,4,360000.0,42840000.0,10080000.0,53280000.0,114600000.0,0.0,2.150900900900901,33.11,True
892,A892,75000,30,4,360000.0,42840000.0,10080000.0,53280000.0,114600000.0,0.0,2.150900900900901,33.11,True
893,A893,75000,30,4,360000.0,42840000.0,10080000.0,53280000.0,114600000.0,0.0,2.150900900900901,33.11,True
894,A894,75000,30,4,360000.0,42840000.0,10080000.0,53280000.0,114600000.0,0.0,2.150900900900901,33.11,True
895,A895,100000,40,4,480000.0,57120000.0,13440000.0,71040000.0,152800000.0,0.0,2.150900900900901,33.96,True
896,A896,150000,50,4,600000.0,85680000.0,20160000.0,106440000.0,229000000.0,0.0,2.151446824502067,35.65,True
897,A897,300000,100,5,1200000.0,142800000.0,40320000.0,184320000.0,390000000.0,0.0,2.1158854166666665,38.99,True
898,A898,500000,125,5,1500000.0,237999999.99999994,67200000.0,306699999.99999994,649166666.6666666,0.0,2.116617758939246,44.96,True
899,A899,1000000,250,5,3000000.0,475999999.9999999,134400000.0,613399999.9999999,1298333333.3333333,0.0,2.116617758939246,59.93,True
900,A900,2000000,769,5,9228000.0,951999999.9999998,268800000.0,1230027999.9999998,2602046666.6666665,0.0,2.1154369385629166,90.0,True
